Bram Stoker's Dracula,http://resizing.flixster.com/x3cAqTql6HPipavjw_OkSCaDpm8=/180x260/dkpu1ddg7pbsk.cloudfront.net/movie/59/64/98/5964985_ori.jpg,Action,1992,7.5,128,Columbia Pictures,35.72
Back to the Future Part II,http://resizing.flixster.com/gqemFWJuuNW6pVn4p7JfoGo4VSM=/180x270/dkpu1ddg7pbsk.cloudfront.net/movie/11/17/38/11173853_ori.jpg,Action,1989,7.8,108,Universal Pictures,39.88
Police Academy,http://resizing.flixster.com/yxkN7ApOx7oebSilMhOj1kcXv3M=/176x270/dkpu1ddg7pbsk.cloudfront.net/movie/55/35/80/5535807_ori.jpg,Action,1984,6.6,96,Warner Bros. / The Ladd Company,66.67
Thor: The Dark World,http://resizing.flixster.com/sLeSlSjBR_h2MiaJIA63bgyOeHI=/180x257/dkpu1ddg7pbsk.cloudfront.net/movie/11/17/26/11172694_ori.jpg,Adventure,2013,7.1,112,Marvel Studios,30.25
Iron Man,http://resizing.flixster.com/cXKTN6mCA8-ig98jkg7RVBhnMv4=/180x266/dkpu1ddg7pbsk.cloudfront.net/movie/10/93/35/10933541_ori.jpg,Adventure,2008,7.9,126,Paramount / Marvel Studios,31.4
The Chronicles of Narnia: Prince Caspian,http://resizing.flixster.com/0p446SDsCxtLqOzHPuQNS1dxZQE=/180x268/dkpu1ddg7pbsk.cloudfront.net/movie/11/12/92/11129292_ori.jpg,Adventure,2008,6.6,150,Disney / Walden Media,84.67
The Simpsons Movie,http://resizing.flixster.com/Vj9BYtnUOcPSdQRrFT8aeJqpinI=/180x265/dkpu1ddg7pbsk.cloudfront.net/movie/10/84/37/10843725_ori.jpg,Adventure,2007,7.4,87,Fox,89.53
Charlie and the Chocolate Factory,http://resizing.flixster.com/1_QYLOL1hIXTD3z7ujcYi8zcqzs=/180x270/dkpu1ddg7pbsk.cloudfront.net/movie/11/17/64/11176489_ori.jpg,Adventure,2005,6.7,115,Warner Bros,77.26
The Day After Tomorrow,http://resizing.flixster.com/cZDf0sYKmn_QfbQ1kVGJOCou9fw=/180x251/dkpu1ddg7pbsk.cloudfront.net/movie/25/43/254313_ori.jpg,Adventure,2004,6.4,124,Fox,40.85
Bad Boys II,http://resizing.flixster.com/uEAAP_eXXw44sXo97rQpKX8_Mxs=/180x262/dkpu1ddg7pbsk.cloudfront.net/movie/11/14/67/11146748_ori.jpg,Adventure,2003,6.5,147,Columbia,45.64
Star Wars Episode II: Attack of the Clones,http://resizing.flixster.com/A47EQAAO1SHIIvN5HrkKfhAGpQk=/180x239/dkpu1ddg7pbsk.cloudfront.net/movie/10/94/47/10944721_ori.jpg,Adventure,2002,6.7,142,20th Century Fox / Lucasfilm,39.14
Born on the Fourth of July,http://resizing.flixster.com/uORJJKgy_lsdJT2bkQmStA3V2qI=/180x270/dkpu1ddg7pbsk.cloudfront.net/movie/11/17/58/11175872_ori.jpg,Adventure,1989,7.2,145,Universal Pictures,61.66
Lethal Weapon 2,http://resizing.flixster.com/RFQcK-L53KhuubGeaJKOomMbg9k=/180x268/dkpu1ddg7pbsk.cloudfront.net/movie/11/12/88/11128832_ori.jpg,Adventure,1989,7.2,114,Warner Bros.,75.16
Aliens,http://resizing.flixster.com/xYugVntiVJbVz5x_bQq5-Pjg5aU=/180x270/dkpu1ddg7pbsk.cloudfront.net/movie/11/18/07/11180796_ori.jpg,Adventure,1986,8.4,137,20th Century Fox,96.18
Stripes,http://resizing.flixster.com/Q-eReXk6_UMY8FCVc-8bY3hIGUU=/180x260/dkpu1ddg7pbsk.cloudfront.net/movie/27/68/276891_ori.jpg,Adventure,1981,6.9,106,Columbia Pictures,88.18
Stir Crazy,http://resizing.flixster.com/wL38Yy4AjFhwIw7BL9Lx5M_g35g=/179x257/dkpu1ddg7pbsk.cloudfront.net/movie/10/93/72/10937292_ori.jpg,Adventure,1980,6.8,111,Columbia Pictures,10.15
Mission: Impossible - Ghost Protocol,http://resizing.flixster.com/mkSB3etRkGB2js2wVcXWHBFXcag=/180x270/dkpu1ddg7pbsk.cloudfront.net/movie/11/16/91/11169152_ori.jpg,Animation,2011,7.4,133,Paramount,13.85
Sherlock Holmes,http://resizing.flixster.com/t90NXGvHd_JXdRtTgD2BA8WPQKM=/180x270/dkpu1ddg7pbsk.cloudfront.net/movie/11/16/67/11166728_ori.jpg,Animation,2009,7.6,128,Warner Bros.,49.9
Madagascar: Escape 2 Africa,http://resizing.flixster.com/8qu9PY5y1_Vy98M35ZAVSoLceOM=/180x266/dkpu1ddg7pbsk.cloudfront.net/movie/10/84/92/10849221_ori.jpg,Animation,2008,6.7,89,Paramount / DreamWorks,58.04
Mamma Mia!,http://resizing.flixster.com/-1n0hNCTG4FcJyeGOFqK3yktLk0=/180x270/dkpu1ddg7pbsk.cloudfront.net/movie/11/17/19/11171949_ori.jpg,Animation,2008,6.4,108,Universal,41.71
Mission: Impossible III,http://resizing.flixster.com/2KYbFrx6KYIzP0Bp_-g7zYjBADk=/180x270/dkpu1ddg7pbsk.cloudfront.net/movie/11/16/97/11169790_ori.jpg,Animation,2006,6.8,126,Paramount,70.56
The Passion of the Christ,http://resizing.flixster.com/tcQ9GFNN3Wau-9s4I1hatH18lyA=/180x267/dkpu1ddg7pbsk.cloudfront.net/movie/11/13/50/11135040_ori.jpg,Animation,2004,7.1,127,Icon / Newmarket,36.71
Gravity,http://resizing.flixster.com/5CbtiBSzqVjH_ckRVfzJvs-Ocns=/180x270/dkpu1ddg7pbsk.cloudfront.net/movie/11/17/64/11176450_ori.jpg,Comedy,2013,7.9,91,Warner Bros.,66.68
The Hobbit: The Desolation of Smaug,http://resizing.flixster.com/i3zwngMY9umqr8lAJLKAU4aYlAU=/180x270/dkpu1ddg7pbsk.cloudfront.net/movie/11/17/69/11176940_ori.jpg,Comedy,2013,8,161,Warner Bros. / New Line / MGM,10.96
Madagascar 3: Europe's Most Wanted,http://resizing.flixster.com/GMpkHH7EAcYqczhR8C146yEFbMs=/180x270/dkpu1ddg7pbsk.cloudfront.net/movie/11/16/91/11169148_ori.jpg,Comedy,2012,7,93,Paramount / DreamWorks,95.79
Men in Black 3,http://resizing.flixster.com/aD0vhqdMHlg0_H5kGKx7lR_1LHU=/180x270/dkpu1ddg7pbsk.cloudfront.net/movie/11/16/80/11168038_ori.jpg,Comedy,2012,6.9,106,Columbia,77.01
Fast Five,http://resizing.flixster.com/PzlJtyZZ_remAtYbrQ2_9t64B6k=/180x270/dkpu1ddg7pbsk.cloudfront.net/movie/11/17/30/11173000_ori.jpg,Comedy,2011,7.3,131,Universal,90.34
The Smurfs,http://resizing.flixster.com/s5fZNIM3cQjt9AM6y_VC3jt1syc=/180x270/dkpu1ddg7pbsk.cloudfront.net/movie/11/16/36/11163657_ori.jpg,Comedy,2011,5.5,103,Columbia / Sony Pictures,99.38
The Twilight Saga: Breaking Dawn - Part 1,http://resizing.flixster.com/l1HT4QSzRvdN4bcF0dsEpo3ywug=/179x257/dkpu1ddg7pbsk.cloudfront.net/movie/11/16/93/11169336_ori.jpg,Comedy,2011,4.9,117,Summit,47.07
Tangled,http://resizing.flixster.com/UuaLvR-fxpgmESPegJcY0F2XJ-c=/180x267/dkpu1ddg7pbsk.cloudfront.net/movie/11/15/80/11158038_ori.png,Comedy,2010,7.8,100,Disney,40.65
2012,http://resizing.flixster.com/z_2ln7vpS1fHYrvEZAcr9bYztSI=/180x266/dkpu1ddg7pbsk.cloudfront.net/movie/10/95/34/10953481_ori.jpg,Comedy,2009,5.8,158,Columbia,90.37
The Twilight Saga: New Moon,http://resizing.flixster.com/1fiLyMqNvE2Ggu52KZf7-3We8ak=/180x270/dkpu1ddg7pbsk.cloudfront.net/movie/11/17/44/11174487_ori.jpg,Comedy,2009,4.6,130,Summit,82.38
Hancock,http://resizing.flixster.com/pZEMKqMe1dRkWRkxtAI8aFv7wac=/180x270/dkpu1ddg7pbsk.cloudfront.net/movie/11/17/67/11176707_ori.jpg,Comedy,2008,6.5,92,Columbia,23.11
Spider-Man 3,http://resizing.flixster.com/QeTUzkp6yGhLMqZRwZ4ygqobQl0=/180x270/dkpu1ddg7pbsk.cloudfront.net/movie/11/16/52/11165292_ori.jpg,Comedy,2007,6.2,139,Columbia,66.66
Transformers,http://resizing.flixster.com/JZvkeqWLNeqakvkeY4aTklBQV1o=/180x270/dkpu1ddg7pbsk.cloudfront.net/movie/11/16/97/11169794_ori.jpg,Comedy,2007,7.2,144,DreamWorks / Paramount,46.65
Casino Royale,http://resizing.flixster.com/nVwVWCdXtCU2QjoiYNi_3CNFGOw=/180x268/dkpu1ddg7pbsk.cloudfront.net/movie/11/12/81/11128111_ori.jpg,Comedy,2006,8,144,MGM / Columbia,55.9
Pirates of the Caribbean: Dead Man's Chest,http://resizing.flixster.com/qk6YXbPRzxZNFCv29_ayCEa6mBY=/180x267/dkpu1ddg7pbsk.cloudfront.net/movie/78/63/786362_ori.jpg,Comedy,2006,7.3,151,Disney,72
Harry Potter and the Goblet of Fire,http://resizing.flixster.com/Z-LFUFCKP2jWIiji0Lr_HI2FJmI=/180x270/dkpu1ddg7pbsk.cloudfront.net/movie/11/16/88/11168873_ori.jpg,Comedy,2005,7.6,157,Warner Bros.,44.1
Mr. & Mrs. Smith,http://resizing.flixster.com/65JisMaXM3YsP04ToywirE5Cc1s=/180x270/dkpu1ddg7pbsk.cloudfront.net/movie/11/18/91/11189190_ori.jpg,Comedy,2005,6.5,120,20th Century Fox,19.36
Shrek 2,http://resizing.flixster.com/Vt--2C7r7DDEyOVV_SDpXxkml38=/180x251/dkpu1ddg7pbsk.cloudfront.net/movie/25/37/253795_ori.jpg,Comedy,2004,7.2,93,DreamWorks,41.99
Spider-Man 2,http://resizing.flixster.com/PU_rcPMHMhkuRGR-QPgmNnb60gE=/180x270/dkpu1ddg7pbsk.cloudfront.net/movie/11/16/52/11165291_ori.jpg,Comedy,2004,7.3,127,Columbia,45.39
Pirates of the Caribbean: The Curse of the Black Pearl,http://resizing.flixster.com/0NAlr-uIRVD-casXObKDtl_wqxU=/180x268/dkpu1ddg7pbsk.cloudfront.net/movie/11/15/76/11157635_ori.jpg,Comedy,2003,8.1,143,Disney,27.74
Men in Black II,http://resizing.flixster.com/cw5WyryG2pkW2RHN5BVlcMOze3g=/180x270/dkpu1ddg7pbsk.cloudfront.net/movie/11/16/45/11164554_ori.jpg,Comedy,2002,6,88,Columbia,43.54
Ocean's Eleven,http://resizing.flixster.com/vdQasulealc0hBd6lH3JkC8u_CM=/180x270/dkpu1ddg7pbsk.cloudfront.net/movie/11/17/27/11172746_ori.jpg,Comedy,2001,7.8,116,Warner Bros,75.71
The Lord of the Rings: The Fellowship of the Ring,http://resizing.flixster.com/GfBu7mY7UHKd_6TelkAxG0TPgko=/180x270/dkpu1ddg7pbsk.cloudfront.net/movie/11/16/64/11166420_ori.jpg,Comedy,2001,8.8,178,New Line Cinema,99.58
Mission: Impossible II,http://resizing.flixster.com/QvZkjCM-tSJ8ZxFeAFBXlhPhp1Y=/180x258/dkpu1ddg7pbsk.cloudfront.net/movie/25/77/257715_ori.jpg,Comedy,2000,6,123,Paramount,78.07
Notting Hill,http://resizing.flixster.com/MQ1yf_XKOjCb3xxcePb_IykeNT0=/180x270/dkpu1ddg7pbsk.cloudfront.net/movie/11/17/37/11173724_ori.jpg,Comedy,1999,7,124,Universal Pictures,12.68
A Bug's Life,http://resizing.flixster.com/gOA73MRHwCl1cVsjRYTQyi4LisM=/180x256/dkpu1ddg7pbsk.cloudfront.net/movie/10/93/89/10938947_ori.jpg,Comedy,1998,7.2,95,Walt Disney Pictures / Pixar,75.01
Armageddon,http://resizing.flixster.com/QUirFk3ccr_LFPnojKhCtmOHkFA=/180x253/dkpu1ddg7pbsk.cloudfront.net/movie/55/05/68/5505685_ori.jpg,Comedy,1998,6.6,151,Touchstone Pictures,31.42
Men in Black,http://resizing.flixster.com/KJwy14RArJXQ9kJ0Yp8GWFcifFw=/180x270/dkpu1ddg7pbsk.cloudfront.net/movie/11/16/45/11164553_ori.jpg,Comedy,1997,7.2,98,Columbia Pictures,24.46
Waterworld,http://resizing.flixster.com/n8sCbuHQIvYL0ST70ojPiLSJBPE=/180x267/dkpu1ddg7pbsk.cloudfront.net/movie/25/75/257591_ori.jpg,Comedy,1995,6.1,135,Universal Pictures,57.96
Forrest Gump,http://resizing.flixster.com/jboZQl2N6I1dQB5tcPeiW6iUfTk=/180x270/dkpu1ddg7pbsk.cloudfront.net/movie/11/17/36/11173677_ori.jpg,Comedy,1994,8.8,142,Paramount Pictures,13.04
Basic Instinct,http://resizing.flixster.com/lRQ8GHTcvMv_3ysr2uwWkIrdHZ8=/180x247/dkpu1ddg7pbsk.cloudfront.net/movie/28/33/283309_ori.jpg,Comedy,1992,6.9,127,TriStar Pictures / Carolco Pictures,78.65
JFK,http://resizing.flixster.com/3rM4ZIxn0hOIAIKjFqZvy76ICyw=/180x265/dkpu1ddg7pbsk.cloudfront.net/movie/10/93/59/10935981_ori.jpg,Comedy,1991,8,189,Warner Bros.,18.15
Total Recall,http://resizing.flixster.com/ROHNoOdZcDbCpiitmK2FRxKCvTc=/180x270/dkpu1ddg7pbsk.cloudfront.net/movie/11/18/99/11189901_ori.jpg,Comedy,1990,7.5,113,TriStar Pictures / Carolco Pictures,30.66
Beetlejuice,http://resizing.flixster.com/WwfRe5-FR6NpqXyNT6vsLgvHXPI=/180x270/dkpu1ddg7pbsk.cloudfront.net/movie/11/16/68/11166863_ori.jpg,Comedy,1988,7.4,92,Warner Bros. / Geffen Pictures,96.09
Big,http://resizing.flixster.com/lvE3FiWgRk78wlgoK8AOg0Ao_d8=/179x257/dkpu1ddg7pbsk.cloudfront.net/movie/11/16/44/11164479_ori.jpg,Comedy,1988,7.3,104,20th Century Fox / Gracie Films,93.52
Who Framed Roger Rabbit,http://resizing.flixster.com/ER2EiHJ2eXX7acnA6_E4aFhIhBo=/168x268/dkpu1ddg7pbsk.cloudfront.net/movie/11/15/55/11155547_ori.jpg,Comedy,1988,7.7,104,Touchstone Pictures / Amblin Entertainment,53.15
The Untouchables,http://resizing.flixster.com/1EFQuvj5llA_m61tMCqDVudwUpc=/180x270/dkpu1ddg7pbsk.cloudfront.net/movie/11/17/13/11171335_ori.jpg,Comedy,1987,8,119,Paramount,34.68
The Golden Child,http://resizing.flixster.com/7KO5uu2ZPehnVfcsKggTXZjtefM=/180x270/dkpu1ddg7pbsk.cloudfront.net/movie/11/17/36/11173678_ori.jpg,Comedy,1986,5.8,94,Paramount Pictures,54.34
The Color Purple,http://resizing.flixster.com/8cUjrP4uzSIBK9XTbV2l8fW7_G0=/180x270/dkpu1ddg7pbsk.cloudfront.net/movie/11/16/80/11168034_ori.jpg,Comedy,1985,7.8,154,Warner Bros.,30.17
Witness,http://resizing.flixster.com/PPod2vP4QjRVXLfdKUdyV0qo3YA=/180x270/dkpu1ddg7pbsk.cloudfront.net/movie/11/16/89/11168980_ori.jpg,Comedy,1985,7.5,112,Paramount Pictures,99.75
Footloose,http://resizing.flixster.com/-BS99IniaWgjUugv8sMTKuk6tbQ=/180x270/dkpu1ddg7pbsk.cloudfront.net/movie/11/16/89/11168940_ori.jpg,Comedy,1984,6.4,107,Paramount Pictures,60.16
Romancing the Stone,http://resizing.flixster.com/Z1g_ytpzZwOKimr5eFOqEK7i3MI=/171x270/dkpu1ddg7pbsk.cloudfront.net/movie/24/63/50/2463504_ori.jpg,Comedy,1984,6.9,106,20th Century Fox,24.6
Star Trek III: The Search for Spock,http://resizing.flixster.com/sFfDyO-ggnJziirIooREwqob2YU=/110x150/dkpu1ddg7pbsk.cloudfront.net/movie/10/88/86/10888604_ori.jpg,Comedy,1984,6.6,105,Paramount Pictures,15.73
WarGames,http://resizing.flixster.com/MTs7anbf0ls1bMH0Q3WhwYIwIlY=/180x266/dkpu1ddg7pbsk.cloudfront.net/movie/11/14/87/11148730_ori.jpg,Comedy,1983,7.1,114,United Artists,70.65
Rocky III,http://resizing.flixster.com/gSph_yURfQnTtC3tqotLhhDMVus=/180x261/dkpu1ddg7pbsk.cloudfront.net/movie/26/42/264213_ori.jpg,Comedy,1982,6.7,99,United Artists,75.47
The Four Seasons,http://resizing.flixster.com/BF-PkUm3FXkIg0z88TdG1Snbens=/180x258/dkpu1ddg7pbsk.cloudfront.net/movie/10/88/96/10889696_ori.jpg,Comedy,1981,7.2,107,Universal Pictures,43.93
Airplane!,http://resizing.flixster.com/4NZDUpXJit0L6znC2aq1ELGQZHc=/180x270/dkpu1ddg7pbsk.cloudfront.net/movie/10/86/76/10867612_ori.jpg,Comedy,1980,7.8,88,Paramount Pictures,97.81
Any Which Way You Can,http://resizing.flixster.com/rBhoEC1ghZX_99DVAU9v3yAl_ak=/175x239/dkpu1ddg7pbsk.cloudfront.net/movie/11/16/01/11160107_ori.jpg,Comedy,1980,6,116,Warner Bros. Pictures,94.52
Coal Miner's Daughter,http://resizing.flixster.com/LQCE_QFFl-PVQ7RioIoCY7z1WSo=/180x270/dkpu1ddg7pbsk.cloudfront.net/movie/11/17/87/11178773_ori.jpg,Comedy,1980,7.5,124,Universal Studios,66.25
The Muppet Movie,http://resizing.flixster.com/AdxOYDAVFHLPOcbBrcKGwu86-PA=/180x261/dkpu1ddg7pbsk.cloudfront.net/movie/10/88/15/10881570_ori.jpg,Comedy,1979,7.7,95,Associated Film Distribution,76.39
Grease,http://resizing.flixster.com/CXouI7LdiPaapfmL2YBQHLL0LkA=/179x257/dkpu1ddg7pbsk.cloudfront.net/movie/11/17/13/11171329_ori.jpg,Comedy,1978,7.2,110,Paramount Pictures,51.2
Jaws 2,http://resizing.flixster.com/eRi6rPsUazqRQPKAcspj9R_axg0=/177x270/dkpu1ddg7pbsk.cloudfront.net/movie/10/84/11/10841197_ori.jpg,Comedy,1978,5.7,116,Universal Pictures,60.34
Revenge of the Pink Panther,http://resizing.flixster.com/28sq3VTgeDaa2dIaKhxnbQVMlww=/180x252/dkpu1ddg7pbsk.cloudfront.net/movie/10/87/22/10872256_ori.jpg,Comedy,1978,6.7,99,United Artists,31.16
The Hangover,http://resizing.flixster.com/F3uvNtnigwJMOXpuCgMttqWBU14=/180x270/dkpu1ddg7pbsk.cloudfront.net/movie/11/16/67/11166717_ori.jpg,Crime,2009,7.8,100,Warner Bros. / Legendary,61.45
Star Wars Episode III: Revenge of the Sith,http://resizing.flixster.com/wjhvha9b71ws51OXc6e1MYuAC48=/110x150/dkpu1ddg7pbsk.cloudfront.net/movie/10/94/47/10944718_ori.jpg,Crime,2005,7.7,140,20th Century Fox / Lucasfilm,97.24
Bruce Almighty,http://resizing.flixster.com/Y12rTWfm-gLX5oOVC5-O0SbXOA4=/180x270/dkpu1ddg7pbsk.cloudfront.net/movie/11/17/65/11176524_ori.jpg,Crime,2003,6.7,101,Universal,28.57
Harry Potter and the Chamber of Secrets,http://resizing.flixster.com/2HoVSGA2nXBuTgBZQ4czXiAUMqQ=/180x270/dkpu1ddg7pbsk.cloudfront.net/movie/11/16/87/11168797_ori.jpg,Crime,2002,7.3,161,Warner Bros.,76.19
Toy Story 2,http://resizing.flixster.com/apFWspLgFG0LJBKt2Y_-vRJUwoM=/180x257/dkpu1ddg7pbsk.cloudfront.net/movie/10/93/63/10936392_ori.jpg,Crime,1999,7.9,92,Walt Disney Pictures / Pixar,39.18
The Pelican Brief,http://resizing.flixster.com/7VvPgOg5CbFIghD_RgRpE2BT9z4=/180x270/dkpu1ddg7pbsk.cloudfront.net/movie/11/16/97/11169704_ori.jpg,Crime,1993,6.5,141,Warner Bros.,26.07
Presumed Innocent,http://resizing.flixster.com/3atb8xNBu7Df-gVJpalCXndBg50=/180x270/dkpu1ddg7pbsk.cloudfront.net/movie/11/16/79/11167929_ori.jpg,Crime,1990,6.9,127,Warner Bros.,69.32
Twins,http://resizing.flixster.com/H2mQs9HYLM6dPIe31Ak2ipfj1_s=/178x270/dkpu1ddg7pbsk.cloudfront.net/movie/10/88/47/10884784_ori.jpg,Crime,1988,5.9,107,Universal Pictures,11.81
Beverly Hills Cop II,http://resizing.flixster.com/hAbluJoNCoLzqbORzEG8k4IJ7YE=/180x269/dkpu1ddg7pbsk.cloudfront.net/movie/10/84/44/10844413_ori.jpg,Crime,1987,6.4,100,Paramount,96.06
Fatal Attraction,http://resizing.flixster.com/hWiV1-iFoJADbPT61IDD7Z2H4Xs=/180x267/dkpu1ddg7pbsk.cloudfront.net/movie/10/84/99/10849901_ori.jpg,Crime,1987,6.9,119,Paramount Pictures,19.69
Star Trek IV: The Voyage Home,http://resizing.flixster.com/53VKc9-hpRF9QNzuLQzQaspdAug=/180x270/dkpu1ddg7pbsk.cloudfront.net/movie/11/18/07/11180717_ori.jpg,Crime,1986,7.3,119,Paramount Pictures,61.95
An Officer and a Gentleman,http://resizing.flixster.com/AAwk4KU-kc8ShSa7d416hLrEhoU=/180x261/dkpu1ddg7pbsk.cloudfront.net/movie/10/88/91/10889116_ori.jpg,Crime,1982,7,124,Paramount Pictures / Lorimar,92.22
Star Wars Episode V: The Empire Strikes Back,http://resizing.flixster.com/11pJ8EWEJv23jKxSlQHpVqVHKCA=/180x225/dkpu1ddg7pbsk.cloudfront.net/movie/11/15/79/11157937_ori.jpg,Crime,1980,8.8,124,20th Century Fox,65.13
The Blue Lagoon,http://resizing.flixster.com/18EuoLXr1lT3GGEFw8lNIMgTMbw=/180x259/dkpu1ddg7pbsk.cloudfront.net/movie/10/92/42/10924290_ori.jpg,Crime,1980,5.7,104,Columbia Pictures,60.42
10,http://resizing.flixster.com/EXXHnJDoD4q9EPZmY1xVaTJAq-4=/175x239/dkpu1ddg7pbsk.cloudfront.net/movie/11/15/97/11159767_ori.jpg,Crime,1979,6,122,Warner Bros. Pictures,33.03
Rocky II,http://resizing.flixster.com/EKgpra5WGZ6BP0Ti7H6_ePJmOxw=/180x251/dkpu1ddg7pbsk.cloudfront.net/movie/10/65/79/10657999_ori.jpg,Crime,1979,7.1,119,United Artists Pictures,23.39
The Enforcer,http://resizing.flixster.com/ua3FRdHJgqH5Oh3mmxDrPA33HeA=/180x256/dkpu1ddg7pbsk.cloudfront.net/movie/27/65/276594_ori.jpg,Crime,1976,6.8,96,Warner Bros. Pictures,48.23
WALL-E,http://resizing.flixster.com/zWzdOF4aj3aZlB3vX7BlUQ3PbSk=/180x267/dkpu1ddg7pbsk.cloudfront.net/movie/10/93/09/10930953_ori.jpg,Drama,2008,8.4,98,Disney / Pixar,12.17
Madagascar,http://resizing.flixster.com/oKyYx8tO-5UYR3hmsx0kbzZ4Nl8=/180x267/dkpu1ddg7pbsk.cloudfront.net/movie/24/97/249793_ori.jpg,Drama,2005,6.9,86,DreamWorks,42.73
Troy,http://resizing.flixster.com/EyEd2IN7-3dA2j5NXy7_8wuCFaw=/180x270/dkpu1ddg7pbsk.cloudfront.net/movie/11/16/67/11166733_ori.jpg,Drama,2004,7.2,163,Warner Bros.,68.56
Dinosaur,http://resizing.flixster.com/-jcVO9luD6fH9bi4DcbgNY8JQIk=/180x255/dkpu1ddg7pbsk.cloudfront.net/movie/10/92/08/10920812_ori.jpg,Drama,2000,6.4,82,Disney,38.23
How the Grinch Stole Christmas,http://resizing.flixster.com/50a8DXOYOfwUPlzoWtpjoN6qHBQ=/180x256/dkpu1ddg7pbsk.cloudfront.net/movie/25/55/255591_ori.jpg,Drama,2000,6,104,Universal,23.52
What Lies Beneath,http://resizing.flixster.com/EH96EztpCYNTTOKKuWJ4o3OVe6U=/180x264/dkpu1ddg7pbsk.cloudfront.net/movie/34/35/84/3435848_ori.jpg,Drama,2000,6.6,130,DreamWorks / Fox,15.85
The Matrix,http://resizing.flixster.com/C6r4sO4qmdirMZItyU5qrwRTz5A=/180x270/dkpu1ddg7pbsk.cloudfront.net/movie/11/16/80/11168096_ori.jpg,Drama,1999,8.7,136,Warner Bros.,35.25
As Good as It Gets,http://resizing.flixster.com/4QEk9-zMgCwRs1Ycg2SUn023B4E=/180x262/dkpu1ddg7pbsk.cloudfront.net/movie/55/35/60/5535608_ori.jpg,Drama,1997,7.8,139,TriStar Pictures,86.38
Apollo 13,http://resizing.flixster.com/aop-iWekWUu1cQIh2j_8N9Iumqg=/180x270/dkpu1ddg7pbsk.cloudfront.net/movie/11/17/56/11175692_ori.jpg,Drama,1995,7.6,140,Universal Pictures / Imagine Entertainment,88.75
Seven,http://resizing.flixster.com/Lzf28cq9sH6ej5Be2uCQfIYWtIw=/180x270/dkpu1ddg7pbsk.cloudfront.net/movie/11/16/67/11166782_ori.jpg,Drama,1995,8.7,127,New Line Cinema,72.7
Dumb and Dumber,http://resizing.flixster.com/lRFPyLpTy_uw-15rJAhuGYkiNb0=/180x244/dkpu1ddg7pbsk.cloudfront.net/movie/25/45/254516_ori.jpg,Drama,1994,7.3,107,New Line Cinema,28.96
The Mask,http://resizing.flixster.com/UkWsxmPaqE95aoxRz35kbVHPiqk=/180x270/dkpu1ddg7pbsk.cloudfront.net/movie/11/17/39/11173943_ori.jpg,Drama,1994,6.8,101,New Line Cinema,87.79
Schindler's List,http://resizing.flixster.com/8ZSqHlP-hPOabOXMSYWT4oXlrc4=/180x258/dkpu1ddg7pbsk.cloudfront.net/movie/26/71/267112_ori.jpg,Drama,1993,8.9,195,Universal Pictures / Amblin Entertainment,32.63
A Few Good Men,http://resizing.flixster.com/l2ieo3YdNwEXbO21Xatv-BU2ZJs=/180x261/dkpu1ddg7pbsk.cloudfront.net/movie/28/17/281708_ori.jpg,Drama,1992,7.6,138,Columbia Pictures / Castle Rock Entertainment,35.18
Terminator 2: Judgment Day,http://resizing.flixster.com/sKc-3qOa64rxXpfEsKbNqv6DeY0=/180x270/dkpu1ddg7pbsk.cloudfront.net/movie/11/17/43/11174301_ori.jpg,Drama,1991,8.5,137,TriStar Pictures / Carolco Pictures / Lightstorm Entertainment,33.68
Ghostbusters II,http://resizing.flixster.com/dcW7DWqYbQt25cexo1WNvrzm-O8=/180x270/dkpu1ddg7pbsk.cloudfront.net/movie/11/17/44/11174416_ori.jpg,Drama,1989,6.5,108,Columbia Pictures,57.13
The Naked Gun: From the Files of Police Squad!,http://resizing.flixster.com/J5Rc7uF3aMumJoVlcjnFbL6GTgk=/110x148/dkpu1ddg7pbsk.cloudfront.net/movie/10/88/60/10886069_ori.jpg,Drama,1988,7.6,85,Paramount Pictures,15.05
Back to School,http://resizing.flixster.com/JQn3vediYVmfbxQO3an5Mh_mA1s=/176x270/dkpu1ddg7pbsk.cloudfront.net/movie/74/28/48/7428484_ori.jpg,Drama,1986,6.5,96,Orion Pictures,16.12
The Goonies,http://resizing.flixster.com/zEGbl7xvlrrxuJUs97YL-sJAEaA=/180x270/dkpu1ddg7pbsk.cloudfront.net/movie/11/16/67/11166730_ori.jpg,Drama,1985,7.8,114,Warner Bros.,23.87
Octopussy,http://resizing.flixster.com/VVpBn48QVIOIuckMl467m_E68qs=/180x264/dkpu1ddg7pbsk.cloudfront.net/movie/11/13/14/11131437_ori.jpg,Drama,1983,6.6,131,United Artists,20.96
Star Wars Episode VI: Return of the Jedi,http://resizing.flixster.com/jPGnLweJ4c_W-vQFMaeHfgWMtfY=/180x263/dkpu1ddg7pbsk.cloudfront.net/movie/10/94/47/10944709_ori.jpg,Drama,1983,8.4,134,Lucasfilm / 20th Century Fox,18.69
Trading Places,http://resizing.flixster.com/Qda433UHpulNe0Bvcw6ddGx-9rQ=/180x270/dkpu1ddg7pbsk.cloudfront.net/movie/11/16/89/11168976_ori.jpg,Drama,1983,7.5,116,Paramount Pictures,88.3
The Best Little Whorehouse in Texas,http://resizing.flixster.com/80I7gVDMKWiNKQObvsbRK0T3nZk=/180x270/dkpu1ddg7pbsk.cloudfront.net/movie/11/16/88/11168899_ori.jpg,Drama,1982,5.7,114,Universal Pictures / RKO Pictures,19.57
Raiders of the Lost Ark,http://resizing.flixster.com/13XpB_m89nJi398isDv7cQKOkH4=/180x267/dkpu1ddg7pbsk.cloudfront.net/movie/11/15/76/11157614_ori.jpg,Drama,1981,8.6,115,Paramount Pictures / Lucasfilm,30.54
Time Bandits,http://resizing.flixster.com/YI8rFD6y2Wpnp_EprQvZ0IskLXQ=/180x260/dkpu1ddg7pbsk.cloudfront.net/movie/26/30/263020_ori.jpg,Drama,1981,7,110,Embassy Pictures,59.86
Moonraker,http://resizing.flixster.com/sjLwbfOZkuPl395copBayJM2QOk=/180x269/dkpu1ddg7pbsk.cloudfront.net/movie/26/08/260897_ori.jpg,Drama,1979,6.2,126,United Artists Pictures,75.21
Dog Day Afternoon,http://resizing.flixster.com/nYzl8e218r1L6EjAekopsLaYQ98=/180x270/dkpu1ddg7pbsk.cloudfront.net/movie/11/17/63/11176318_ori.jpg,Drama,1975,8.1,125,Warner Bros.,13.73
Funny Lady,http://resizing.flixster.com/OX-CmI8fMaWHQqEIswF9kx2QVEA=/180x261/dkpu1ddg7pbsk.cloudfront.net/movie/10/88/03/10880352_ori.jpg,Drama,1975,6.4,136,Columbia Pictures,16.66
The Return of the Pink Panther,http://resizing.flixster.com/coMRFsl2YBbDwXYVs9z3FTDsPzc=/180x268/dkpu1ddg7pbsk.cloudfront.net/movie/10/87/22/10872257_ori.jpg,Drama,1975,7.1,113,United Artists,82.38
The Amazing Spider-Man 2,http://resizing.flixster.com/uJRknhjV8s_CDr9Krj6hzk4GzYM=/180x270/dkpu1ddg7pbsk.cloudfront.net/movie/11/18/00/11180032_ori.jpg,Family,2014,6.9,142,Columbia Pictures,72.93
Fast & Furious 6,http://resizing.flixster.com/FsHv4OrR7Fk9IQkc3Jg-Npmypzc=/180x270/dkpu1ddg7pbsk.cloudfront.net/movie/11/17/33/11173373_ori.jpg,Family,2013,7.2,130,Universal,49.03
Harry Potter and the Deathly Hallows - Part 1,http://resizing.flixster.com/VRBPaLlcQQjBaaobjVvpTavdEso=/180x270/dkpu1ddg7pbsk.cloudfront.net/movie/11/16/36/11163674_ori.jpg,Family,2010,7.7,146,Warner Bros.,42.95
Inception,http://resizing.flixster.com/THwVJ6BnMSZz1ygWPdIEok_wVhA=/180x270/dkpu1ddg7pbsk.cloudfront.net/movie/11/16/67/11166725_ori.jpg,Family,2010,8.8,148,Warner Bros. / Legendary,59.02
The Twilight Saga: Eclipse,http://resizing.flixster.com/caDfqgfBgZUEr0xairY8kwWQHGw=/180x270/dkpu1ddg7pbsk.cloudfront.net/movie/11/17/43/11174382_ori.jpg,Family,2010,4.9,124,Summit Entertainment,86.66
The Dark Knight,http://resizing.flixster.com/csINXh6bBY_YMax7pD2fFGtGDjQ=/180x270/dkpu1ddg7pbsk.cloudfront.net/movie/11/16/51/11165160_ori.jpg,Family,2008,9,152,Warner Bros. / Legendary,42.68
300,http://resizing.flixster.com/MqZzDrxTe4GO7kHb2bo-16W9Wo8=/180x270/dkpu1ddg7pbsk.cloudfront.net/movie/11/16/67/11166714_ori.jpg,Family,2007,7.8,117,Warner Bros. / Legendary,51.73
Shrek the Third,http://resizing.flixster.com/7T7Mf9iNihk3sOMASXbEg5Hnd2Q=/180x268/dkpu1ddg7pbsk.cloudfront.net/movie/59/86/40/5986403_ori.jpg,Family,2007,6.1,93,DreamWorks / Paramount,89.19
Ice Age: The Meltdown,http://resizing.flixster.com/8JL-X7PSHtVrLJV3m9vmwFY1Wq4=/180x270/dkpu1ddg7pbsk.cloudfront.net/movie/34/60/10/3460109_ori.jpg,Family,2006,6.9,91,Fox / Blue Sky,22.15
Gladiator,http://resizing.flixster.com/sO2TFkZCTVGi8m0Yjw2UWvGajC4=/180x270/dkpu1ddg7pbsk.cloudfront.net/movie/11/16/89/11168944_ori.jpg,Family,2000,8.5,155,DreamWorks / Universal,15.46
Saving Private Ryan,http://resizing.flixster.com/BLCyiFNFpYFbQJa6D_oT9LFCzWw=/180x270/dkpu1ddg7pbsk.cloudfront.net/movie/11/16/97/11169791_ori.jpg,Family,1998,8.6,169,DreamWorks Pictures / Paramount Pictures,15.01
Eraser,http://resizing.flixster.com/kAc1eecSvRe7HBvMQtdQ3Aqx5YQ=/180x245/dkpu1ddg7pbsk.cloudfront.net/movie/27/12/271217_ori.jpg,Family,1996,6,115,Warner Bros.,72.49
The Nutty Professor,http://resizing.flixster.com/KPKB9efvzzdAsBAJqM7dhvkC6xE=/180x266/dkpu1ddg7pbsk.cloudfront.net/movie/25/91/259122_ori.jpg,Family,1996,5.5,95,Universal Pictures,60.06
Philadelphia,http://resizing.flixster.com/1EQ-A7pSKFxe8p8nUjVoYESHhqk=/180x270/dkpu1ddg7pbsk.cloudfront.net/movie/11/17/38/11173851_ori.jpg,Family,1993,7.7,125,TriStar Pictures,36.85
Lethal Weapon 3,http://resizing.flixster.com/X8uBur__gienB-0mAjgC0hfF7CM=/178x270/dkpu1ddg7pbsk.cloudfront.net/movie/11/12/88/11128831_ori.jpg,Family,1992,6.7,118,Warner Bros.,97.78
Hot Shots!,http://resizing.flixster.com/3JzsLocKZT_RNxFVI61xsM_v4Fw=/179x257/dkpu1ddg7pbsk.cloudfront.net/movie/11/16/49/11164957_ori.jpg,Family,1991,6.7,84,20th Century Fox,39.33
Kindergarten Cop,http://resizing.flixster.com/cb6nTJ0nYUeS38cP0kMfMF_9DlE=/180x270/dkpu1ddg7pbsk.cloudfront.net/movie/11/17/87/11178764_ori.jpg,Family,1990,6,111,Universal Pictures,75.69
Indiana Jones and the Last Crusade,http://resizing.flixster.com/qaoiZqYHDMj6G5jqCdlEtuaumgA=/180x267/dkpu1ddg7pbsk.cloudfront.net/movie/10/91/96/10919621_ori.jpg,Family,1989,8.3,127,Paramount Pictures / Lucasfilm,49.82
"""Crocodile"" Dundee",http://resizing.flixster.com/djJ50pyIgZZoFYdXO3HcLjlnGzg=/180x270/dkpu1ddg7pbsk.cloudfront.net/movie/11/16/97/11169779_ori.jpg,Family,1986,6.5,97,Paramount Pictures / 20th Century Fox,65.21
The Jewel of the Nile,http://resizing.flixster.com/AnbVvE9r4Tmx3ZHIxPPbFSJ2EOg=/179x257/dkpu1ddg7pbsk.cloudfront.net/movie/11/16/50/11165073_ori.jpg,Family,1985,6,106,20th Century Fox,10.29
The Terminator,http://resizing.flixster.com/W54w6sQMgIsV5xH-ftwiWnz1nUA=/180x263/dkpu1ddg7pbsk.cloudfront.net/movie/11/15/35/11153556_ori.jpg,Family,1984,8.1,107,Orion Pictures,67.93
E.T. the Extra-Terrestrial,http://resizing.flixster.com/7-pyoLHrjzt_5Oz9Va01SLVkwkA=/180x270/dkpu1ddg7pbsk.cloudfront.net/movie/11/16/67/11166788_ori.jpg,Family,1982,7.9,115,Universal Pictures,16.11
Dawn of the Dead,http://resizing.flixster.com/qd7II_jowSfGQN1uXTIihlRUKEA=/180x269/dkpu1ddg7pbsk.cloudfront.net/movie/11/15/38/11153820_ori.jpg,Family,1978,8,127,United Film Distribution Company,88.85
King Kong,http://resizing.flixster.com/FsOcGM5YUSUTGFjr1eTEz7au_3A=/180x256/dkpu1ddg7pbsk.cloudfront.net/movie/10/93/36/10933607_ori.jpg,Family,1976,5.8,134,Paramount Pictures,51.43
Captain America: The Winter Soldier,http://resizing.flixster.com/gxRJwetP1eNIrPR6xlWBfD_VaFc=/180x267/dkpu1ddg7pbsk.cloudfront.net/movie/11/17/72/11177246_ori.jpg,Fantasy,2014,7.8,136,Marvel Studios,77.09
The Hobbit: The Battle of the Five Armies,http://resizing.flixster.com/KK-V3xB7CY355XaejcerpzryvDs=/180x267/dkpu1ddg7pbsk.cloudfront.net/movie/11/17/97/11179703_ori.jpg,Fantasy,2014,7.5,144,Warner Bros. / New Line Cinema / MGM,49.98
The Hunger Games: Mockingjay - Part 1,http://resizing.flixster.com/rrb4D1D8S1_ACJFg1qDpd6bY4cQ=/180x270/dkpu1ddg7pbsk.cloudfront.net/movie/11/18/98/11189899_ori.jpg,Fantasy,2014,6.8,123,Lionsgate Films,41.9
Monsters University,http://resizing.flixster.com/68fO9SugBdM8ljYJJ32dYp0bs7Q=/180x257/dkpu1ddg7pbsk.cloudfront.net/movie/11/16/99/11169964_ori.jpg,Fantasy,2013,7.4,104,Walt Disney Pictures / Pixar,11.94
The Hunger Games: Catching Fire,http://resizing.flixster.com/1a9avHqIjVssHwO097tB_XJMVjs=/180x270/dkpu1ddg7pbsk.cloudfront.net/movie/11/17/64/11176484_ori.jpg,Fantasy,2013,7.7,146,Lionsgate,67.52
Ice Age: Continental Drift,http://resizing.flixster.com/EhgnWr8tKMra_jgh43zALuCZ9Ig=/180x270/dkpu1ddg7pbsk.cloudfront.net/movie/11/17/67/11176781_ori.jpg,Fantasy,2012,6.7,88,Fox / Blue Sky,81.52
The Avengers,http://resizing.flixster.com/OmSu9IRUNKgrdmyE2uNhf0f0ToE=/180x266/dkpu1ddg7pbsk.cloudfront.net/movie/11/16/38/11163886_ori.jpg,Fantasy,2012,8.2,143,Marvel Studios,96.6
The Hunger Games,http://resizing.flixster.com/ojHrfHgQ7Z6zwJ9O0GlmvI_Y-6Y=/180x270/dkpu1ddg7pbsk.cloudfront.net/movie/11/17/36/11173667_ori.jpg,Fantasy,2012,7.3,142,Lionsgate,80.11
Cars 2,http://resizing.flixster.com/2EEq8Qjx4aMkNdwlLypKTtnT1X4=/180x267/dkpu1ddg7pbsk.cloudfront.net/movie/11/15/64/11156447_ori.jpg,Fantasy,2011,6.3,106,Walt Disney Pictures / Pixar,29.7
The Hangover Part II,http://resizing.flixster.com/lOJRA6ho5TdqrP7tETMQp5vnFsM=/180x270/dkpu1ddg7pbsk.cloudfront.net/movie/11/16/36/11163671_ori.jpg,Fantasy,2011,6.5,102,Warner Bros.,34.34
Transformers: Dark of the Moon,http://resizing.flixster.com/SnAb2Xw6Wp8we8btiHQkf8xanHc=/180x270/dkpu1ddg7pbsk.cloudfront.net/movie/11/16/91/11169150_ori.jpg,Fantasy,2011,6.3,154,Paramount,69.02
Despicable Me,http://resizing.flixster.com/VoG3m3OewOKv5t1EQbX-kwLFuAY=/180x270/dkpu1ddg7pbsk.cloudfront.net/movie/11/16/88/11168864_ori.jpg,Fantasy,2010,7.7,95,Universal / Illumination,27.25
How to Train Your Dragon,http://resizing.flixster.com/kSxnnx5oPhqDlOnvpGUQXpVoAsA=/180x270/dkpu1ddg7pbsk.cloudfront.net/movie/11/17/66/11176619_ori.jpg,Fantasy,2010,8.2,98,Paramount / DreamWorks,48.9
Toy Story 3,http://resizing.flixster.com/Tv9f7mIJrCc--JvPXl60rMI3Pkw=/180x266/dkpu1ddg7pbsk.cloudfront.net/movie/11/13/43/11134356_ori.jpg,Fantasy,2010,8.4,103,Walt Disney Pictures / Pixar,30.89
Harry Potter and the Half-Blood Prince,http://resizing.flixster.com/5jRb-4cS1AXhTEYE-wQ3wpHlZHY=/180x270/dkpu1ddg7pbsk.cloudfront.net/movie/11/16/39/11163943_ori.jpg,Fantasy,2009,7.5,153,Warner Bros.,59.82
Ice Age: Dawn of the Dinosaurs,http://resizing.flixster.com/ee9qtz-r1W0A5tmu-Q1vSj1AxvA=/180x262/dkpu1ddg7pbsk.cloudfront.net/movie/10/93/89/10938903_ori.jpg,Fantasy,2009,7,94,Fox / Blue Sky,16.24
Transformers: Revenge of the Fallen,http://resizing.flixster.com/oNcE9YJ500YHi2_2wGnclRTcyd8=/180x270/dkpu1ddg7pbsk.cloudfront.net/movie/11/17/66/11176669_ori.jpg,Fantasy,2009,6,150,Paramount / DreamWorks,15.33
Indiana Jones and the Kingdom of the Crystal Skull,http://resizing.flixster.com/qzgCz6mYia28SvhY2MKKYr1A8eA=/180x267/dkpu1ddg7pbsk.cloudfront.net/movie/10/86/88/10868884_ori.jpg,Fantasy,2008,6.2,122,Paramount / Lucasfilm,80.89
I Am Legend,http://resizing.flixster.com/-P1B68zFT7N17v-6cy5Bep7DU3A=/180x270/dkpu1ddg7pbsk.cloudfront.net/movie/11/16/67/11166780_ori.jpg,Fantasy,2007,7.2,101,Warner Bros.,67.06
Ratatouille,http://resizing.flixster.com/8S8STXVMHBpUANLhLeLbVcdo0QY=/180x266/dkpu1ddg7pbsk.cloudfront.net/movie/41/60/98/4160984_ori.jpg,Fantasy,2007,8,111,Disney / Pixar,12.47
Superman Returns,http://resizing.flixster.com/jxYV0tzA4f2_BD9lSeOHw56i-64=/180x267/dkpu1ddg7pbsk.cloudfront.net/movie/45/20/452092_ori.jpg,Fantasy,2006,6.1,154,Warner Bros. / Village Roadshow,91.62
The Da Vinci Code,http://resizing.flixster.com/QmcEmsrcgbQ1n3RYy-ONqsrHI6I=/180x268/dkpu1ddg7pbsk.cloudfront.net/movie/31/42/314213_ori.jpg,Fantasy,2006,6.5,149,Columbia,55.77
Hitch,http://resizing.flixster.com/ysVT2wYRZOaSFeoimUqCsyWeN2M=/180x262/dkpu1ddg7pbsk.cloudfront.net/movie/16/90/56/1690569_ori.jpg,Fantasy,2005,6.7,118,Columbia,65.54
War of the Worlds,http://resizing.flixster.com/fWrTEymRYs82GDjb49Zh7K8d6q8=/180x270/dkpu1ddg7pbsk.cloudfront.net/movie/11/18/94/11189471_ori.jpg,Fantasy,2005,6.5,116,Paramount / DreamWorks,26.33
Meet the Fockers,http://resizing.flixster.com/yDvx31ULUwbQMpHmITBC8DvGEm4=/180x266/dkpu1ddg7pbsk.cloudfront.net/movie/10/86/10/10861012_ori.jpg,Fantasy,2004,6.3,115,Universal / DreamWorks,23.27
Finding Nemo,http://resizing.flixster.com/L5mJPRUyA5797vXg9oelqZ7jGMA=/180x261/dkpu1ddg7pbsk.cloudfront.net/movie/10/84/19/10841916_ori.jpg,Fantasy,2003,8.2,100,Disney / Pixar,80.22
Terminator 3: Rise of the Machines,http://resizing.flixster.com/6xMGzkUb2v1SkTNunEJHF6lzlG0=/110x150/dkpu1ddg7pbsk.cloudfront.net/movie/10/94/47/10944773_ori.jpg,Fantasy,2003,6.4,109,Warner Bros. / Columbia,33.27
The Matrix Reloaded,http://resizing.flixster.com/g0k3LxainE8qySe4Nwb1Y-KNDT4=/180x270/dkpu1ddg7pbsk.cloudfront.net/movie/11/16/96/11169699_ori.jpg,Fantasy,2003,7.2,138,Warner Bros.,93.54
Ice Age,http://resizing.flixster.com/G2PNS_GykbZtx_u_kQgBFuVkqFE=/180x265/dkpu1ddg7pbsk.cloudfront.net/movie/10/93/89/10938906_ori.jpg,Fantasy,2002,7.6,81,20th Century Fox / Blue Sky,50.87
Minority Report,http://resizing.flixster.com/_wXSfzgg6NXtV4-wqqZPxd-iP6Y=/180x270/dkpu1ddg7pbsk.cloudfront.net/movie/11/17/03/11170343_ori.jpg,Fantasy,2002,7.7,145,DreamWorks / 20th Century Fox,77.54
The Lord of the Rings: The Two Towers,http://resizing.flixster.com/kcGR9q0SXRr1oA8G6-nkYDshGGU=/180x270/dkpu1ddg7pbsk.cloudfront.net/movie/11/16/64/11166421_ori.jpg,Fantasy,2002,8.7,179,New Line Cinema,27.33
Hannibal,http://resizing.flixster.com/7-lmH9v6jwoPfuJVAIW_YksScrE=/180x263/dkpu1ddg7pbsk.cloudfront.net/movie/10/93/72/10937237_ori.jpg,Fantasy,2001,6.7,131,MGM / Universal,75.16
Jurassic Park III,http://resizing.flixster.com/05xnBp8MTXrAFuI8u5mLin1TGQ8=/180x270/dkpu1ddg7pbsk.cloudfront.net/movie/11/16/88/11168887_ori.jpg,Fantasy,2001,5.9,92,Universal,52.82
The Mummy Returns,http://resizing.flixster.com/UGjywlM8fWTqdKTzTT2FCwN7cm0=/180x270/dkpu1ddg7pbsk.cloudfront.net/movie/11/17/36/11173659_ori.jpg,Fantasy,2001,6.3,130,Universal,54.19
Cast Away,http://resizing.flixster.com/Y8_otZJ0sQ0JcUR7VPRjJxUg-qw=/179x257/dkpu1ddg7pbsk.cloudfront.net/movie/11/16/48/11164876_ori.jpg,Fantasy,2000,7.7,143,Fox,91.22
Meet the Parents,http://resizing.flixster.com/HqFyRB_q9Qc-9XHodQ5KOnGCn-Y=/180x270/dkpu1ddg7pbsk.cloudfront.net/movie/11/17/65/11176583_ori.jpg,Fantasy,2000,7,108,Universal / DreamWorks,40.64
Tarzan,http://resizing.flixster.com/DeinPHimwtK2lheePZggxU_9H4c=/180x255/dkpu1ddg7pbsk.cloudfront.net/movie/25/12/251223_ori.jpg,Fantasy,1999,7.2,88,Walt Disney Pictures,29.13
The Sixth Sense,http://resizing.flixster.com/7Cy6R8bBtBVnay-lLMPoHrwQ-ik=/180x266/dkpu1ddg7pbsk.cloudfront.net/movie/25/38/253818_ori.jpg,Fantasy,1999,8.2,107,Hollywood Pictures,47.99
Godzilla,http://resizing.flixster.com/2BsexQCiFCXVsKwiYbiqRysv-dk=/180x249/dkpu1ddg7pbsk.cloudfront.net/movie/25/99/259919_ori.jpg,Fantasy,1998,5.3,139,TriStar Pictures,43.56
Casper,http://resizing.flixster.com/POltQfwJ3nkqQ69SblWNAiBqjUg=/180x270/dkpu1ddg7pbsk.cloudfront.net/movie/11/18/00/11180091_ori.jpg,Fantasy,1995,6,100,Universal Pictures,63.09
Die Hard with a Vengeance,http://resizing.flixster.com/KPcSTks-fiNiJEtn4VaLmadkWTQ=/179x257/dkpu1ddg7pbsk.cloudfront.net/movie/11/16/48/11164823_ori.jpg,Fantasy,1995,7.6,131,20th Century Fox / Cinergi Pictures,44.93
Pocahontas,http://resizing.flixster.com/nabwuKMhFJVBKyOntBtW8TC9rgE=/180x254/dkpu1ddg7pbsk.cloudfront.net/movie/25/15/251508_ori.jpg,Fantasy,1995,6.6,81,Walt Disney Pictures,22.61
The Lion King,http://resizing.flixster.com/pEnfXxWXRon3WdJte88vc29eNeE=/180x267/dkpu1ddg7pbsk.cloudfront.net/movie/11/16/04/11160477_ori.jpg,Fantasy,1994,8.5,89,Walt Disney Pictures,45.23
True Lies,http://resizing.flixster.com/mimlegW6DpnA7X8fM6uAqRTaC3Y=/180x256/dkpu1ddg7pbsk.cloudfront.net/movie/31/37/313714_ori.jpg,Fantasy,1994,7.2,141,20th Century Fox,71.92
Cape Fear,http://resizing.flixster.com/0QRNH4M7vkPTz26alWM9mwKaOB4=/178x270/dkpu1ddg7pbsk.cloudfront.net/movie/10/93/72/10937223_ori.jpg,Fantasy,1991,7.3,128,Universal Pictures,74.77
The Silence of the Lambs,http://resizing.flixster.com/Q8QDUnqJmgkfSlxyyppLZXF28t4=/180x267/dkpu1ddg7pbsk.cloudfront.net/movie/55/12/86/5512865_ori.jpg,Fantasy,1991,8.6,118,Orion Pictures,73.85
"""Crocodile"" Dundee II",http://resizing.flixster.com/7Kx0TvzMcvpqHNAE-yqb4pGPk7w=/180x255/dkpu1ddg7pbsk.cloudfront.net/movie/25/68/256818_ori.jpg,Fantasy,1988,5.5,108,Paramount Pictures,76.91
Cocktail,http://resizing.flixster.com/mBKethr9jeA6EMJGizVw16i323Q=/180x254/dkpu1ddg7pbsk.cloudfront.net/movie/26/88/268891_ori.jpg,Fantasy,1988,5.8,104,Touchstone Pictures,13.84
Gremlins,http://resizing.flixster.com/00eKnKicNih1jQp_B5ltQPHSal0=/180x270/dkpu1ddg7pbsk.cloudfront.net/movie/11/17/07/11170794_ori.jpg,Fantasy,1984,7.2,106,Warner Bros.,63.67
Staying Alive,http://resizing.flixster.com/auWzMlFV3B1eDng1bvZjDxEz_8Q=/180x254/dkpu1ddg7pbsk.cloudfront.net/movie/10/84/09/10840968_ori.jpg,Fantasy,1983,4.4,93,Paramount Pictures,33.41
9 to 5,http://resizing.flixster.com/E7MSEo5CA8-8-tizPF0KospM0Gg=/180x254/dkpu1ddg7pbsk.cloudfront.net/movie/25/60/256025_ori.jpg,Fantasy,1980,6.6,110,20th Century-Fox,92.54
Saturday Night Fever,http://resizing.flixster.com/io0O9e7AFWIzwIFZ7oV_W1kXfg4=/179x270/dkpu1ddg7pbsk.cloudfront.net/movie/10/86/34/10863417_ori.jpg,Fantasy,1977,6.8,118,Paramount Pictures,84.93
The Deep,http://resizing.flixster.com/KRnyu4v7ZUDfmkfykddClwWpFac=/180x259/dkpu1ddg7pbsk.cloudfront.net/movie/25/82/258213_ori.jpg,Fantasy,1977,6.1,123,Columbia Pictures,88.97
The Lord of the Rings: The Return of the King,http://resizing.flixster.com/fhym2r2SVtuOpznC0wdmP5QPUfo=/180x270/dkpu1ddg7pbsk.cloudfront.net/movie/11/16/64/11166423_ori.jpg,History,2003,8.9,201,New Line,56.57
Batman Forever,http://resizing.flixster.com/1bwQl51pPPU40stzBAVIeCsBrv4=/180x270/dkpu1ddg7pbsk.cloudfront.net/movie/11/16/45/11164555_ori.jpg,History,1995,5.4,121,Warner Bros. / PolyGram,39.64
Sleepless in Seattle,http://resizing.flixster.com/pXQ5x3nrVb2NR-P3FtOM5igMsxE=/96x140/dkpu1ddg7pbsk.cloudfront.net/movie/11/12/06/11120641_ori.jpg,History,1993,6.8,105,TriStar Pictures,89.51
Rocky,http://resizing.flixster.com/yRnpvBZYk8JvEr_yK_9EuaHNjkM=/180x268/dkpu1ddg7pbsk.cloudfront.net/movie/10/89/83/10898396_ori.jpg,History,1976,8.1,119,United Artists Pictures,93.06
Three Men and a Baby,http://resizing.flixster.com/fxMTXOi2o24T_ZK0zoraIm9n6cM=/180x259/dkpu1ddg7pbsk.cloudfront.net/movie/25/71/257115_ori.jpg,Horror,1987,5.8,102,Touchstone Pictures,74.89
Indiana Jones and the Temple of Doom,http://resizing.flixster.com/hlGmbeNA0EUVahBTvVB1rBZvTfo=/180x268/dkpu1ddg7pbsk.cloudfront.net/movie/10/92/11/10921138_ori.jpg,Horror,1984,7.6,118,Paramount Pictures / Lucasfilm,31.46
Porky's,http://resizing.flixster.com/pJ7I5kFNfqm5AVdwN_xYSGFgFMU=/180x251/dkpu1ddg7pbsk.cloudfront.net/movie/27/20/272018_ori.jpg,Horror,1982,6.1,94,20th Century Fox,13.82
The Jerk,http://resizing.flixster.com/do1HJ-YWaZZ5oWj4oTPdmgELEng=/179x257/dkpu1ddg7pbsk.cloudfront.net/movie/11/17/19/11171953_ori.jpg,Horror,1979,7.2,94,Universal Studios,38.07
Every Which Way but Loose,http://resizing.flixster.com/sjgoJ60ow0ozKmeh7b5YpD693TI=/180x258/dkpu1ddg7pbsk.cloudfront.net/movie/25/75/257522_ori.jpg,Horror,1978,6.2,114,Warner Bros.,54.5
Midway,http://resizing.flixster.com/7PKqPlaHLc9p9bSbI6_cnj8cLaA=/100x137/dkpu1ddg7pbsk.cloudfront.net/movie/10/84/95/10849574_ori.jpg,Horror,1976,6.7,132,Universal Studios / Cinema International Corporation,58.48
The Lost World: Jurassic Park,http://resizing.flixster.com/gHDeeV4CkhEu7y5M63csUh5ZXs0=/180x270/dkpu1ddg7pbsk.cloudfront.net/movie/11/16/88/11168888_ori.jpg,Music,1997,6.5,129,Universal Pictures,20.65
The Bodyguard,http://resizing.flixster.com/QGjRr5Lf9dMQdKQhczqt58OqeSA=/180x270/dkpu1ddg7pbsk.cloudfront.net/movie/11/16/79/11167935_ori.jpg,Music,1992,6.1,129,Warner Bros.,60.66
Wayne's World,http://resizing.flixster.com/5zIUNziYaR486W5JZy8eWVrvGow=/180x269/dkpu1ddg7pbsk.cloudfront.net/movie/59/51/42/5951425_ori.jpg,Music,1992,7,94,Paramount Pictures,95.07
Beauty and the Beast,http://resizing.flixster.com/O7KjuYoKyOa7bBFVEMqnM_ZGN78=/180x267/dkpu1ddg7pbsk.cloudfront.net/movie/11/16/29/11162903_ori.jpg,Music,1991,8,84,Walt Disney Pictures,56.57
Private Benjamin,http://resizing.flixster.com/CLoO093AFMtK_eQ9AxuBCW1d4Dw=/180x270/dkpu1ddg7pbsk.cloudfront.net/movie/11/16/79/11167930_ori.jpg,Music,1980,6,109,Warner Bros.,46.27
Tootsie,http://resizing.flixster.com/JJPyMdvYTHaURqxmYcIvZVydn88=/180x261/dkpu1ddg7pbsk.cloudfront.net/movie/25/67/256706_ori.jpg,Musical,1982,7.4,116,Columbia Pictures,80.63
Shampoo,http://resizing.flixster.com/J85B30Wmahzrgw0BmQaNVKczHy8=/180x262/dkpu1ddg7pbsk.cloudfront.net/movie/27/21/272120_ori.jpg,Musical,1975,6.3,109,Columbia Pictures,26.19
Kung Fu Panda 2,http://resizing.flixster.com/dJ62KC8VCmLwVq0045kP0a0RvEE=/173x270/dkpu1ddg7pbsk.cloudfront.net/movie/11/15/66/11156693_ori.jpg,Mystery,2011,7.3,91,Paramount / DreamWorks,11.24
Pirates of the Caribbean: At World's End,http://resizing.flixster.com/M2Ku83KAglImISwK7qTuXAgQtWo=/180x252/dkpu1ddg7pbsk.cloudfront.net/movie/10/95/55/10955508_ori.jpg,Mystery,2007,7.1,169,Disney,22.54
What Women Want,http://resizing.flixster.com/-K3-lemv2IjCIxyfWNB4b5oscBQ=/180x254/dkpu1ddg7pbsk.cloudfront.net/movie/62/99/74/6299748_ori.jpg,Mystery,2000,6.4,127,Paramount,84.25
Independence Day,http://resizing.flixster.com/2CYkXpNsZUE9C27PsXgX5UZBcKI=/180x270/dkpu1ddg7pbsk.cloudfront.net/movie/11/17/67/11176784_ori.jpg,Mystery,1996,6.9,145,20th Century Fox,87.27
Toy Story,http://resizing.flixster.com/Rw9DiBAFGZ2nsMie2He5iaDVuY0=/180x256/dkpu1ddg7pbsk.cloudfront.net/movie/10/93/63/10936393_ori.jpg,Mystery,1995,8.3,81,Walt Disney Pictures / Pixar,68.83
Pretty Woman,http://resizing.flixster.com/fyT-rUxIJLV7inCl5NqJHgmnoDI=/180x254/dkpu1ddg7pbsk.cloudfront.net/movie/16/90/52/1690526_ori.jpg,Mystery,1990,6.9,119,Touchstone Pictures,21.52
Superman,http://resizing.flixster.com/eYWvvRaDse_pegmhryJzvlpC5bQ=/175x239/dkpu1ddg7pbsk.cloudfront.net/movie/11/15/98/11159893_ori.jpg,Mystery,1978,7.3,143,Warner Bros.,39.1
To Fly!,http://d3biamo577v4eu.cloudfront.net/static/images/redesign/poster_default.gif,Mystery,1976,7,27,National Air and Space Museum,20.31
Signs,http://resizing.flixster.com/cyLfP1xi9FRaJZSBoQ-XLFojhiM=/180x268/dkpu1ddg7pbsk.cloudfront.net/movie/10/89/48/10894808_ori.jpg,Mystery,2002,6.7,106,Touchstone,75.82
Quantum of Solace,http://resizing.flixster.com/dmf-4VeDXkWOnVqcZgwmDL6ZRDM=/180x267/dkpu1ddg7pbsk.cloudfront.net/movie/10/86/77/10867703_ori.jpg,Romance,2008,6.7,106,MGM / Columbia,92.99
King Kong,http://resizing.flixster.com/QoPcsIL-O00p3YYGQbbo4zfkLLQ=/180x270/dkpu1ddg7pbsk.cloudfront.net/movie/11/16/88/11168882_ori.jpg,Romance,2005,7.3,187,Universal,30.12
Ocean's Twelve,http://resizing.flixster.com/mm6hyAeaEFAl07m0HE3w7AMvgBw=/180x270/dkpu1ddg7pbsk.cloudfront.net/movie/11/17/39/11173930_ori.jpg,Romance,2004,6.4,125,Warner Bros.,87.27
Signs,http://resizing.flixster.com/cyLfP1xi9FRaJZSBoQ-XLFojhiM=/180x268/dkpu1ddg7pbsk.cloudfront.net/movie/10/89/48/10894808_ori.jpg,Romance,2002,6.7,106,Touchstone,81.19
Planet of the Apes,http://resizing.flixster.com/9081NkYAHXHF4iI9h6sFD6CAQfs=/179x257/dkpu1ddg7pbsk.cloudfront.net/movie/11/16/44/11164477_ori.jpg,Romance,2001,5.7,119,20th Century Fox,92.82
X-Men,http://resizing.flixster.com/vMvg0TJUjn0dH8QxT6FD7RXXOWw=/180x270/dkpu1ddg7pbsk.cloudfront.net/movie/11/17/75/11177551_ori.jpg,Romance,2000,7.4,104,Fox,92.61
Austin Powers: The Spy Who Shagged Me,http://resizing.flixster.com/V4Imv8fYpxYEG61UQbltX41dHWU=/180x270/dkpu1ddg7pbsk.cloudfront.net/movie/11/17/00/11170075_ori.jpg,Romance,1999,6.6,95,New Line Cinema,83.62
Star Wars Episode I: The Phantom Menace,http://resizing.flixster.com/teLjRk35zoOC0SMhuuN6PfPoP7A=/168x270/dkpu1ddg7pbsk.cloudfront.net/movie/11/16/30/11163090_ori.jpg,Romance,1999,6.6,136,20th Century Fox / Lucasfilm,42.15
There's Something About Mary,http://resizing.flixster.com/qY45xaYyckU8Vuw1mIIGKMCNs4U=/180x270/dkpu1ddg7pbsk.cloudfront.net/movie/11/17/67/11176790_ori.jpg,Romance,1998,7.1,119,20th Century Fox,72.86
Air Force One,http://resizing.flixster.com/mTOEf-_CLwT12bPAsM0Y3DiR54U=/180x270/dkpu1ddg7pbsk.cloudfront.net/movie/11/16/93/11169367_ori.jpg,Romance,1997,6.4,124,Columbia Pictures,74.22
Liar Liar,http://resizing.flixster.com/g8hIkgvB4efCw0_c5VZccrgIb0o=/180x270/dkpu1ddg7pbsk.cloudfront.net/movie/11/17/19/11171948_ori.jpg,Romance,1997,6.8,86,Universal Pictures,63.16
The Fifth Element,http://resizing.flixster.com/zsw3FoPOaNxEVbYuX2tdKFcIpqI=/180x270/dkpu1ddg7pbsk.cloudfront.net/movie/11/16/94/11169462_ori.jpg,Romance,1997,7.6,126,Columbia Pictures,84.27
Tomorrow Never Dies,http://resizing.flixster.com/XwjEAjztVxVgC_1cxC-0LFvi25s=/180x256/dkpu1ddg7pbsk.cloudfront.net/movie/10/91/35/10913520_ori.jpg,Romance,1997,6.5,119,United Artists,40.21
Mission: Impossible,http://resizing.flixster.com/8tTdDDMRCVFg_c0XRiSVkO-_6dA=/180x270/dkpu1ddg7pbsk.cloudfront.net/movie/11/16/97/11169789_ori.jpg,Romance,1996,7.1,110,Paramount Pictures,58.86
Four Weddings and a Funeral,http://resizing.flixster.com/9KWUEdV4iTDIO1-rPzvXG_zZ0kY=/180x233/dkpu1ddg7pbsk.cloudfront.net/movie/28/17/281725_ori.jpg,Romance,1994,7.1,117,Gramercy Pictures / PolyGram,95.53
Interview with the Vampire: The Vampire Chronicles,http://resizing.flixster.com/ufWzvsjinfzMxDE64hBA-oDkSvM=/180x270/dkpu1ddg7pbsk.cloudfront.net/movie/11/16/94/11169453_ori.jpg,Romance,1994,7.6,123,Warner Bros. / Geffen Pictures,21.14
Speed,http://resizing.flixster.com/ZxlnxSw7y8cjMcIHxxYeQtfCkag=/179x257/dkpu1ddg7pbsk.cloudfront.net/movie/11/16/47/11164772_ori.jpg,Romance,1994,7.2,116,20th Century Fox,25.15
Jurassic Park,http://resizing.flixster.com/2D5M5EDSS4ZjUvDnS_jfTK6SBdQ=/180x270/dkpu1ddg7pbsk.cloudfront.net/movie/11/16/88/11168880_ori.jpg,Romance,1993,8,127,Universal Pictures / Amblin Entertainment,27.44
The Firm,http://resizing.flixster.com/z-Fnu-OBkh-_tjtKCOgt0rVv-qM=/180x270/dkpu1ddg7pbsk.cloudfront.net/movie/11/17/36/11173686_ori.jpg,Romance,1993,6.8,154,Paramount Pictures,39.09
Home Alone 2: Lost in New York,http://resizing.flixster.com/xT4YXaNwgJtK3EDk4He0uUuaUrw=/180x255/dkpu1ddg7pbsk.cloudfront.net/movie/25/40/254003_ori.jpg,Romance,1992,6.5,120,20th Century Fox,97.21
Dances with Wolves,http://resizing.flixster.com/6qRBQY1vGGNIYBeEv1_KFsmGJ4w=/180x270/dkpu1ddg7pbsk.cloudfront.net/movie/11/16/81/11168108_ori.jpg,Romance,1990,8,181,Orion Pictures,53.89
Home Alone,http://resizing.flixster.com/kt-Khg5hW-vqYwGDhLKnRAb-0uU=/110x150/dkpu1ddg7pbsk.cloudfront.net/movie/31/21/312104_ori.jpg,Romance,1990,7.4,103,20th Century Fox,71.1
Teenage Mutant Ninja Turtles,http://resizing.flixster.com/jPSS5WGvx8Z2q_U7TNzxSoHqFUQ=/180x270/dkpu1ddg7pbsk.cloudfront.net/movie/11/17/00/11170087_ori.jpg,Romance,1990,6.7,93,New Line Cinema,22.65
The Little Mermaid,http://resizing.flixster.com/i9JPNUh70xuDNhRGYPg4U8L_PHo=/180x258/dkpu1ddg7pbsk.cloudfront.net/movie/25/06/250622_ori.jpg,Romance,1989,7.6,83,Walt Disney Pictures,83.11
Coming to America,http://resizing.flixster.com/SpFvVmXJooaMPr5Q_jCIsgyABY0=/180x270/dkpu1ddg7pbsk.cloudfront.net/movie/11/16/89/11168930_ori.jpg,Romance,1988,6.9,116,Paramount Pictures,39.52
Die Hard,http://resizing.flixster.com/jPElLfrOhdvB_ZCJ4fWabLw9TSQ=/179x257/dkpu1ddg7pbsk.cloudfront.net/movie/11/16/47/11164776_ori.jpg,Romance,1988,8.3,131,20th Century Fox / Silver Pictures,85.51
Stakeout,http://resizing.flixster.com/yBPupKo8Rg2P0Xk7oSb3kKgkeaM=/180x255/dkpu1ddg7pbsk.cloudfront.net/movie/27/16/271625_ori.jpg,Romance,1987,6.6,117,Touchstone,50.41
Top Gun,http://resizing.flixster.com/TuoFvLZpHzh4RPlzFOHUdo_wJf4=/180x231/dkpu1ddg7pbsk.cloudfront.net/movie/11/16/92/11169265_ori.jpg,Romance,1986,6.8,110,Paramount Pictures,21.54
Back to the Future,http://resizing.flixster.com/por4iOTnpL-nsH4QNjvWqwBF-DA=/180x270/dkpu1ddg7pbsk.cloudfront.net/movie/11/17/38/11173852_ori.jpg,Romance,1985,8.5,116,Universal Pictures / Amblin Entertainment,79.01
Cocoon,http://resizing.flixster.com/xmmiZa3fc0i16-NkvydGxUA0ubw=/180x258/dkpu1ddg7pbsk.cloudfront.net/movie/25/91/259100_ori.jpg,Romance,1985,6.6,117,20th Century Fox,17.3
Rambo: First Blood Part II,http://resizing.flixster.com/f3qkehG-FJEa88CWySM_d4dKd84=/180x253/dkpu1ddg7pbsk.cloudfront.net/movie/11/13/69/11136978_ori.jpg,Romance,1985,6.4,96,TriStar Pictures / Carolco,58.01
Beverly Hills Cop,http://resizing.flixster.com/Rje0CY8py13zZipgCWG21rEB3jk=/180x270/dkpu1ddg7pbsk.cloudfront.net/movie/11/16/97/11169777_ori.jpg,Romance,1984,7.3,105,Paramount Pictures,32.11
Ghostbusters,http://resizing.flixster.com/BoiId1MnF0Y_NsF4rbMyCTC4TRo=/180x270/dkpu1ddg7pbsk.cloudfront.net/movie/11/16/74/11167403_ori.jpg,Romance,1984,7.8,105,Columbia Pictures,14.03
Mr. Mom,http://resizing.flixster.com/4k65Krz0moljeHEqvjfxOyjh5rs=/180x260/dkpu1ddg7pbsk.cloudfront.net/movie/25/77/257712_ori.jpg,Romance,1983,6.4,91,20th Century Fox,72.83
Sudden Impact,http://resizing.flixster.com/0kpJQ8n5hnA7-U1DBG9SfFjUIe0=/175x239/dkpu1ddg7pbsk.cloudfront.net/movie/11/15/95/11159568_ori.jpg,Romance,1983,6.6,117,Warner Bros.,77.19
Annie,http://resizing.flixster.com/fRj1Dsx9DniDck8VkZsabC2g2wE=/180x270/dkpu1ddg7pbsk.cloudfront.net/movie/11/16/68/11166872_ori.jpg,Romance,1982,6.5,127,Columbia Pictures / Rastar,34.25
Arthur,http://resizing.flixster.com/YoglmWIF_YOtY407y9zWEv39C6g=/180x250/dkpu1ddg7pbsk.cloudfront.net/movie/25/64/256427_ori.jpg,Romance,1981,6.9,97,Orion Pictures / Warner Bros.,48.13
Chariots of Fire,http://resizing.flixster.com/6huYBKWjCmWanFK7Wh97lbx4d_c=/180x270/dkpu1ddg7pbsk.cloudfront.net/movie/11/16/81/11168143_ori.jpg,Romance,1981,7.2,119,Warner Bros. / Ladd,32.51
The Blues Brothers,http://resizing.flixster.com/CzylJmvpoTfiMgXNuYOTAzVfvW4=/180x270/dkpu1ddg7pbsk.cloudfront.net/movie/11/17/19/11171945_ori.jpg,Romance,1980,8,133,Universal Studios,48.64
Alien,http://resizing.flixster.com/zOG4S2KmEkBUxvHdpcGf862Z3fc=/180x270/dkpu1ddg7pbsk.cloudfront.net/movie/11/18/07/11180795_ori.jpg,Romance,1979,8.5,117,20th Century Fox Film Corporation,39.91
Heaven Can Wait,http://resizing.flixster.com/oonEvRYUs0dr8HsLOPozi8f46Go=/180x254/dkpu1ddg7pbsk.cloudfront.net/movie/10/86/72/10867228_ori.jpg,Romance,1978,6.9,101,Paramount Pictures,77.7
Close Encounters of the Third Kind,http://resizing.flixster.com/l-VNASpdASeSfu2vkl_Dzlb-5so=/180x270/dkpu1ddg7pbsk.cloudfront.net/movie/11/17/26/11172627_ori.jpg,Romance,1977,7.7,137,Columbia Pictures,23.58
Smokey and the Bandit,http://resizing.flixster.com/Ier70vgQRj-3kW5xNbk72TtMbxw=/180x270/dkpu1ddg7pbsk.cloudfront.net/movie/11/17/19/11171952_ori.jpg,Romance,1977,6.8,96,Universal Pictures,83.81
Star Wars,http://resizing.flixster.com/ulZifXTDSm1uxoWIxQ9uVnSgtVk=/180x270/dkpu1ddg7pbsk.cloudfront.net/movie/10/94/47/10944715_ori.jpg,Romance,1977,8.7,121,Lucasfilm / 20th Century Fox,31.66
The Spy Who Loved Me,http://resizing.flixster.com/KgYbppNJw1toKJQS3s5W0X3Jw40=/180x270/dkpu1ddg7pbsk.cloudfront.net/movie/10/88/65/10886552_ori.jpg,Romance,1977,7.1,125,United Artists,69.06
All the President's Men,http://resizing.flixster.com/2SJn5620RR5xcQFVBX5e5iEKTSA=/180x255/dkpu1ddg7pbsk.cloudfront.net/movie/10/85/76/10857662_ori.jpg,Romance,1976,8,138,Warner Bros. Pictures,66.51
The Apple Dumpling Gang,http://resizing.flixster.com/XFNfAAKeokqanZJOBMWXcb0SnUQ=/180x259/dkpu1ddg7pbsk.cloudfront.net/movie/25/12/251202_ori.jpg,Romance,1975,6.2,100,Walt Disney Productions,85
Dawn of the Planet of the Apes,http://resizing.flixster.com/gDtbA1iPxTYEjBZeSsIYktCtUiw=/180x270/dkpu1ddg7pbsk.cloudfront.net/movie/11/18/91/11189194_ori.jpg,Sci-Fi,2014,7.7,130,20th Century Fox,75.45
Guardians of the Galaxy,http://resizing.flixster.com/YrF_OeTQx3bXNsMLIy_NocjA4wI=/180x267/dkpu1ddg7pbsk.cloudfront.net/movie/11/17/80/11178082_ori.jpg,Sci-Fi,2014,8.1,121,Marvel Studios,68.15
Interstellar,http://resizing.flixster.com/l9yjA-72sZMYECeOjx-r14mgXtU=/180x270/dkpu1ddg7pbsk.cloudfront.net/movie/11/19/08/11190860_ori.jpg,Sci-Fi,2014,8.7,169,Paramount Pictures / Warner Bros.,90.44
Maleficent,http://resizing.flixster.com/YukULOFULUesVZccNjOZzF1YX30=/180x270/dkpu1ddg7pbsk.cloudfront.net/movie/11/18/12/11181292_ori.jpg,Sci-Fi,2014,7.1,97,Walt Disney Pictures,39.57
Transformers: Age of Extinction,http://resizing.flixster.com/jXWcxIKVUq4G-2vl7aClbKnOXr4=/180x270/dkpu1ddg7pbsk.cloudfront.net/movie/11/18/05/11180556_ori.jpg,Sci-Fi,2014,5.8,165,Paramount Pictures,16.79
X-Men: Days of Future Past,http://resizing.flixster.com/Oi1KcdBv_gG5Xqk84faEkayyX9E=/180x270/dkpu1ddg7pbsk.cloudfront.net/movie/11/18/08/11180875_ori.jpg,Sci-Fi,2014,8.1,131,20th Century Fox,17.51
Despicable Me 2,http://resizing.flixster.com/UFoFQEayDyhzauy9wL-1wGTuKJA=/180x257/dkpu1ddg7pbsk.cloudfront.net/movie/11/17/21/11172174_ori.jpg,Sci-Fi,2013,7.5,98,Universal / Illumination,49.53
Man of Steel,http://resizing.flixster.com/YdjyBNFfxu1P1f06WcVgadZg8Ow=/180x270/dkpu1ddg7pbsk.cloudfront.net/movie/11/17/42/11174287_ori.jpg,Sci-Fi,2013,7.2,143,Warner Bros. / Legendary,45.4
Skyfall,http://resizing.flixster.com/r-jHJnq7IkHekLIFY6DWq7SzqZ8=/180x270/dkpu1ddg7pbsk.cloudfront.net/movie/11/16/82/11168295_ori.jpg,Sci-Fi,2012,7.8,143,MGM / Columbia,38.66
The Dark Knight Rises,http://resizing.flixster.com/_7NLUQGoKyQuOq7uhhARpzeku04=/180x270/dkpu1ddg7pbsk.cloudfront.net/movie/11/16/78/11167835_ori.jpg,Sci-Fi,2012,8.5,165,Warner Bros. / Legendary,69.47
The Twilight Saga: Breaking Dawn - Part 2,http://resizing.flixster.com/9zWAe7c1MPnVtaic66WXWomIkmI=/179x257/dkpu1ddg7pbsk.cloudfront.net/movie/11/16/93/11169337_ori.jpg,Sci-Fi,2012,5.6,115,Lionsgate / Summit,13.94
Alice in Wonderland,http://resizing.flixster.com/Keg-ch93mJuhBIB3t7zgFAf2N_c=/180x266/dkpu1ddg7pbsk.cloudfront.net/movie/10/93/73/10937308_ori.jpg,Sci-Fi,2010,6.5,108,Walt Disney Pictures,59.96
Iron Man 2,http://resizing.flixster.com/-39Qh0s24nsZP81IZAbL774F6HA=/180x267/dkpu1ddg7pbsk.cloudfront.net/movie/11/12/20/11122085_ori.jpg,Sci-Fi,2010,7.1,124,Paramount / Marvel,62.74
Shrek Forever After,http://resizing.flixster.com/uEi0yf7uXt-KtUdkF-AGY9smjp0=/180x267/dkpu1ddg7pbsk.cloudfront.net/movie/11/12/76/11127605_ori.jpg,Sci-Fi,2010,6.4,93,Paramount / DreamWorks,30.48
Angels & Demons,http://resizing.flixster.com/0foscMemcena5-qSG3LfkWNmNmE=/180x270/dkpu1ddg7pbsk.cloudfront.net/movie/11/17/10/11171070_ori.jpg,Sci-Fi,2009,6.7,138,Columbia / Imagine,66.19
Up,http://resizing.flixster.com/rqDzFEQ7SZfbZ_sFTjlbOufZRWw=/180x267/dkpu1ddg7pbsk.cloudfront.net/movie/10/89/43/10894361_ori.jpg,Sci-Fi,2009,8.3,96,Disney / Pixar,19.77
Kung Fu Panda,http://resizing.flixster.com/Xx3Kv2GPxvCvWWGe_BjJCd6mq3w=/180x270/dkpu1ddg7pbsk.cloudfront.net/movie/11/17/78/11177843_ori.jpg,Sci-Fi,2008,7.6,92,Paramount / DreamWorks,50.53
Cars,http://resizing.flixster.com/LVmmDUeCVlq9gYapYjWXBo7jbY4=/180x269/dkpu1ddg7pbsk.cloudfront.net/movie/10/92/20/10922005_ori.jpg,Sci-Fi,2006,7.2,117,Disney / Pixar,17.03
Batman Begins,http://resizing.flixster.com/fg1Y49hq1wUyVH-VdqeAksXVM4A=/180x270/dkpu1ddg7pbsk.cloudfront.net/movie/11/16/52/11165262_ori.jpg,Sci-Fi,2005,8.3,140,Warner Bros / Legendary,12.59
The Incredibles,http://resizing.flixster.com/h0n53xP_v-81NZP1OdE2kMkR0ck=/180x266/dkpu1ddg7pbsk.cloudfront.net/movie/10/93/90/10939047_ori.jpg,Sci-Fi,2004,8,115,Disney / Pixar,81.17
The Last Samurai,http://resizing.flixster.com/BIJnnVuqUV-FDHiYjNPg0n7Gd0E=/180x270/dkpu1ddg7pbsk.cloudfront.net/movie/11/16/68/11166861_ori.jpg,Sci-Fi,2003,7.7,154,Warner Bros.,35.32
The Matrix Revolutions,http://resizing.flixster.com/Ics-y7GKZlTay_Ag-6o6ofVK93A=/180x270/dkpu1ddg7pbsk.cloudfront.net/movie/11/17/64/11176473_ori.jpg,Sci-Fi,2003,6.7,129,Warner Bros.,99.43
X2,http://resizing.flixster.com/pEUBXjAa_XLWWxFhQUXtbFF8Z6c=/180x270/dkpu1ddg7pbsk.cloudfront.net/movie/11/17/74/11177479_ori.jpg,Sci-Fi,2003,7.5,134,Fox,25.85
Die Another Day,http://resizing.flixster.com/r8WQfeCkLuFl2EtUnpdPsTGdYck=/180x269/dkpu1ddg7pbsk.cloudfront.net/movie/10/93/34/10933478_ori.jpg,Sci-Fi,2002,6.1,133,MGM,41.5
My Big Fat Greek Wedding,http://resizing.flixster.com/ysPR9u4_W1E2WdssB9N2PhfQw50=/180x270/dkpu1ddg7pbsk.cloudfront.net/movie/11/16/72/11167225_ori.jpg,Sci-Fi,2002,6.6,95,IFC Films,17.57
Shrek,http://resizing.flixster.com/nr4OyhYALCM7lB_d_923lFEIpfk=/173x270/dkpu1ddg7pbsk.cloudfront.net/movie/25/44/254400_ori.jpg,Sci-Fi,2001,7.9,90,DreamWorks,54.71
American Beauty,http://resizing.flixster.com/xYYoX_fRXn7AC0HF9MMSQ7dfgKU=/180x266/dkpu1ddg7pbsk.cloudfront.net/movie/55/05/64/5505643_ori.jpg,Sci-Fi,1999,8.4,122,DreamWorks Pictures,90.71
The Mummy,http://resizing.flixster.com/cRaM9lgsQjBfBrzl3cSzZ-gPuE4=/180x270/dkpu1ddg7pbsk.cloudfront.net/movie/11/16/88/11168892_ori.jpg,Sci-Fi,1999,7,125,Universal Pictures,66.56
Deep Impact,http://resizing.flixster.com/FOPaOdOF9ov5xps6xQMqZCnl7is=/180x270/dkpu1ddg7pbsk.cloudfront.net/movie/11/16/97/11169780_ori.jpg,Sci-Fi,1998,6.1,120,DreamWorks Pictures / Paramount Pictures,77.57
Dr. Dolittle,http://resizing.flixster.com/HRV9G6-kcJ-Fsycsth8JR0GqP68=/180x270/dkpu1ddg7pbsk.cloudfront.net/movie/11/17/80/11178097_ori.jpg,Sci-Fi,1998,5.3,85,20th Century Fox,78.19
My Best Friend's Wedding,http://resizing.flixster.com/2x1XOf8b8ehe1zigdR9XKKGN3L8=/180x270/dkpu1ddg7pbsk.cloudfront.net/movie/11/18/95/11189527_ori.jpg,Sci-Fi,1997,6.3,105,TriStar Pictures,20.65
The Full Monty,http://resizing.flixster.com/w_DBGtkJdEgKy7cp4vImJQKlSEI=/179x257/dkpu1ddg7pbsk.cloudfront.net/movie/11/16/47/11164761_ori.jpg,Sci-Fi,1997,7.2,91,Fox Searchlight Pictures,50.29
Titanic,http://resizing.flixster.com/Dln7O1KtZpRmtG0KqU6QH1VES3Y=/180x268/dkpu1ddg7pbsk.cloudfront.net/movie/11/16/63/11166320_ori.jpg,Sci-Fi,1997,7.7,194,Paramount Pictures / 20th Century Fox,19.88
Jerry Maguire,http://resizing.flixster.com/jd2BYtf2ewOTB-VFRdjAZ3wUqCc=/180x261/dkpu1ddg7pbsk.cloudfront.net/movie/26/81/268123_ori.jpg,Sci-Fi,1996,7.3,139,TriStar Pictures,70.38
The Rock,http://resizing.flixster.com/DHwVTSAKf5YJpqnYpB7an_ZQNiI=/180x266/dkpu1ddg7pbsk.cloudfront.net/movie/10/87/70/10877064_ori.jpg,Sci-Fi,1996,7.4,136,Hollywood Pictures,25.41
Clear and Present Danger,http://resizing.flixster.com/zl3hhQbg99652lCvdeVO1WQLX9k=/180x270/dkpu1ddg7pbsk.cloudfront.net/movie/11/16/97/11169778_ori.jpg,Sci-Fi,1994,6.9,141,Paramount Pictures,44.18
The Addams Family,http://resizing.flixster.com/jPsVpHIM4G8ViFgMbdUoxpk4shs=/180x257/dkpu1ddg7pbsk.cloudfront.net/movie/26/64/266402_ori.jpg,Sci-Fi,1991,6.8,99,Paramount Pictures / Orion Pictures,76.29
Batman,http://resizing.flixster.com/GYJFshcSEmFUiwMilVYAyMIs4CQ=/180x270/dkpu1ddg7pbsk.cloudfront.net/movie/11/16/80/11168088_ori.jpg,Sci-Fi,1989,7.6,126,Warner Bros. / PolyGram,70.62
An American Tail,http://resizing.flixster.com/w0uF4v8jUe1x3ZErtvyPWfe1Nzc=/180x270/dkpu1ddg7pbsk.cloudfront.net/movie/11/17/66/11176623_ori.jpg,Sci-Fi,1986,6.9,80,Universal Studios,16.69
Out Of Africa,http://resizing.flixster.com/QHwc8jY1d-8Sc0qxbRpzlxkbwC8=/180x270/dkpu1ddg7pbsk.cloudfront.net/movie/11/17/17/11171703_ori.jpg,Sci-Fi,1985,7.2,161,Universal Pictures,59.32
The Karate Kid,http://resizing.flixster.com/m7hi87x8Vofa79xBQywogTPQIZ4=/180x270/dkpu1ddg7pbsk.cloudfront.net/movie/11/17/81/11178155_ori.jpg,Sci-Fi,1984,7.2,126,Columbia Pictures,98.07
Flashdance,http://resizing.flixster.com/dE3mzn20r1fYcNxLP8mXUIxphbw=/180x270/dkpu1ddg7pbsk.cloudfront.net/movie/11/17/64/11176469_ori.jpg,Sci-Fi,1983,6.1,95,Paramount Pictures / PolyGram,73.3
Poltergeist,http://resizing.flixster.com/y4lK78Ue3RbiMIO1Dv9Yoln7oTo=/180x270/dkpu1ddg7pbsk.cloudfront.net/movie/11/16/81/11168111_ori.jpg,Sci-Fi,1982,7.4,114,Metro-Goldwyn-Mayer,96.88
The Cannonball Run,http://resizing.flixster.com/hApXGMAbDBj2qVhhBnUsyzWoKCw=/175x270/dkpu1ddg7pbsk.cloudfront.net/movie/10/08/33/10083378_ori.jpg,Sci-Fi,1981,6.1,95,20th Century Fox / Golden Harvest,36.28
Apocalypse Now,http://resizing.flixster.com/rTLp2ty2EmErU9bu_jef7AQyYWI=/180x270/dkpu1ddg7pbsk.cloudfront.net/movie/11/17/41/11174198_ori.jpg,Sci-Fi,1979,8.5,153,United Artists Pictures,64.36
The Amityville Horror,http://resizing.flixster.com/qEsC2sau4xKsIVjSbb_U3px2bLE=/180x259/dkpu1ddg7pbsk.cloudfront.net/movie/27/28/272820_ori.jpg,Sci-Fi,1979,6.2,117,American International Pictures,35.05
The Deer Hunter,http://resizing.flixster.com/x851Yl8jaEQAn1EjT4423coiunw=/180x251/dkpu1ddg7pbsk.cloudfront.net/movie/26/75/267592_ori.jpg,Sci-Fi,1978,8.2,182,Universal Pictures,18.07
Platoon,http://resizing.flixster.com/d83olRDH-G34i6EP7QVdyF3HyaU=/180x267/dkpu1ddg7pbsk.cloudfront.net/movie/10/86/50/10865025_ori.jpg,Sport,1986,8.1,120,Orion Pictures,61.74
Spies Like Us,http://resizing.flixster.com/m4ljoIkVfStpMpCRQPelXFo11ck=/180x248/dkpu1ddg7pbsk.cloudfront.net/movie/25/80/258000_ori.jpg,Sport,1985,6.3,102,Warner Bros.,25.8
Star Trek II: The Wrath of Khan,http://resizing.flixster.com/ik9Csa1K00izkR8dkc_vY3j8_qs=/180x270/dkpu1ddg7pbsk.cloudfront.net/movie/11/16/97/11169793_ori.jpg,Sport,1982,7.7,113,Paramount Pictures,57.21
For Your Eyes Only,http://resizing.flixster.com/CBAZfS0ZsBqZrp4EXvkoZwjyWG0=/180x262/dkpu1ddg7pbsk.cloudfront.net/movie/25/84/258424_ori.jpg,Sport,1981,6.8,127,United Artists,45.84
Star Trek: The Motion Picture,http://resizing.flixster.com/Ec5wAIGS6V2FQr_6LJ-y5Np2ekc=/180x270/dkpu1ddg7pbsk.cloudfront.net/movie/11/17/67/11176743_ori.jpg,Sport,1979,6.4,132,Paramount Pictures,99.25
Hooper,http://resizing.flixster.com/X5UYAVuVbsXJYzblVIIff1JZWU4=/180x244/dkpu1ddg7pbsk.cloudfront.net/movie/26/01/260196_ori.jpg,Sport,1978,6.2,99,Warner Bros.,37.48
Silver Streak,http://resizing.flixster.com/5wb745LD70y5VSZoZJow6R11ePY=/179x257/dkpu1ddg7pbsk.cloudfront.net/movie/11/16/47/11164765_ori.jpg,Sport,1976,6.9,114,20th Century-Fox Film Corporation,20.56
Frozen,http://resizing.flixster.com/M3JgYWjuLaOPruIuhLfHA0GwmtY=/180x267/dkpu1ddg7pbsk.cloudfront.net/movie/11/17/35/11173584_ori.jpg,Thriller,2013,7.7,102,Walt Disney Pictures,58.33
Iron Man 3,http://resizing.flixster.com/M8S0ACxWUYK8FJV9hJwnDGK41ZA=/180x257/dkpu1ddg7pbsk.cloudfront.net/movie/11/17/05/11170594_ori.jpg,Thriller,2013,7.3,130,Marvel Studios,41.05
The Amazing Spider-Man,http://resizing.flixster.com/NPbllUZcrY9PEkGNHGxKBIgFdq8=/180x270/dkpu1ddg7pbsk.cloudfront.net/movie/11/16/74/11167406_ori.jpg,Thriller,2012,7.1,136,Columbia,13.49
The Hobbit: An Unexpected Journey,http://resizing.flixster.com/vUOEhpcoaWV4JU5YM2dnlgTRyFo=/180x270/dkpu1ddg7pbsk.cloudfront.net/movie/11/17/02/11170263_ori.jpg,Thriller,2012,8,169,Warner Bros. / MGM / New Line,39.32
Harry Potter and the Deathly Hallows - Part 2,http://resizing.flixster.com/jfPLvubmRh830uyxPTHQ1-hgj9I=/180x270/dkpu1ddg7pbsk.cloudfront.net/movie/11/16/36/11163675_ori.jpg,Thriller,2011,8.1,130,Warner Bros.,66.91
Pirates of the Caribbean: On Stranger Tides,http://resizing.flixster.com/ucRrnQabHP8_IXOYKx55D8YB_oU=/180x267/dkpu1ddg7pbsk.cloudfront.net/movie/11/15/67/11156760_ori.jpg,Thriller,2011,6.7,136,Walt Disney Pictures,74.48
Avatar,http://resizing.flixster.com/OPDpDBP1P_qiiOjKOW9042R4R3g=/180x270/dkpu1ddg7pbsk.cloudfront.net/movie/11/17/67/11176792_ori.jpg,Thriller,2009,7.9,162,Fox,31.63
National Treasure: Book of Secrets,http://resizing.flixster.com/MDARF9TZB345ZZGLsmNCi0SoReI=/180x268/dkpu1ddg7pbsk.cloudfront.net/movie/10/10/43/10104317_ori.jpg,Thriller,2007,6.5,124,Disney,11.49
Happy Feet,http://resizing.flixster.com/bCM1HcCJyha7Woh-txAHhyjEDqo=/180x270/dkpu1ddg7pbsk.cloudfront.net/movie/11/16/67/11166724_ori.jpg,Thriller,2006,6.5,108,Warner Bros.,46.24
Night at the Museum,http://resizing.flixster.com/YUQIBUn5Xp1WT1dWCZiAofYtYuY=/180x270/dkpu1ddg7pbsk.cloudfront.net/movie/11/18/11/11181144_ori.jpg,Thriller,2006,6.4,108,Fox,65.65
X-Men: The Last Stand,http://resizing.flixster.com/g-qQMJ4MG4TGyU2mvktQXhvNp3k=/180x270/dkpu1ddg7pbsk.cloudfront.net/movie/11/17/74/11177483_ori.jpg,Thriller,2006,6.8,104,Fox,70.23
Harry Potter and the Prisoner of Azkaban,http://resizing.flixster.com/gUZOBF-TrffCG3MellSKNTfZLfc=/180x270/dkpu1ddg7pbsk.cloudfront.net/movie/11/16/88/11168872_ori.jpg,Thriller,2004,7.8,142,Warner Bros.,50.66
Shark Tale,http://resizing.flixster.com/LBMRJueU_GtIVb_ZmkS5YcQPd4o=/180x266/dkpu1ddg7pbsk.cloudfront.net/movie/55/34/93/5534930_ori.jpg,Thriller,2004,6,90,DreamWorks,22.97
Spider-Man,http://resizing.flixster.com/aGon_QjcY9fsPsUsmVE39DC_ubw=/180x270/dkpu1ddg7pbsk.cloudfront.net/movie/11/16/52/11165293_ori.jpg,Thriller,2002,7.3,121,Columbia / Marvel,36.56
Harry Potter and the Sorcerer's Stone,http://resizing.flixster.com/707enQVAvKKChUtNa2LlkpjbRts=/180x270/dkpu1ddg7pbsk.cloudfront.net/movie/11/17/36/11173610_ori.jpg,Thriller,2001,7.5,152,Warner Bros.,19.8
Pearl Harbor,http://resizing.flixster.com/SwQ-D3N0_F_IipgA6PV8P4kbETU=/180x259/dkpu1ddg7pbsk.cloudfront.net/movie/31/29/312925_ori.jpg,Thriller,2001,6,183,Touchstone,71.26
The Perfect Storm,http://resizing.flixster.com/N_QI7xIK9FcdKmJQcTzpgU0we4E=/180x270/dkpu1ddg7pbsk.cloudfront.net/movie/11/16/79/11167915_ori.jpg,Thriller,2000,6.4,130,Warner Bros.,56.5
The World Is Not Enough,http://resizing.flixster.com/EEJTXKCfG2lPxAXxu-YuJW2MN9Y=/180x269/dkpu1ddg7pbsk.cloudfront.net/movie/10/93/21/10932170_ori.jpg,Thriller,1999,6.4,128,Metro-Goldwyn-Mayer,74.62
Lethal Weapon 4,http://resizing.flixster.com/TfYg5GP3d0N5VFCIdczSqrcxQWY=/180x270/dkpu1ddg7pbsk.cloudfront.net/movie/11/17/00/11170039_ori.jpg,Thriller,1998,6.6,127,Warner Bros.,72.52
Mulan,http://resizing.flixster.com/_UoZLlmHv08EAQNXKLvIUM0gWck=/180x255/dkpu1ddg7pbsk.cloudfront.net/movie/11/14/84/11148476_ori.jpg,Thriller,1998,7.5,88,Walt Disney Pictures,91.98
101 Dalmatians,http://resizing.flixster.com/FE7P1JgZ3QaVmRG2CBu9NGLyaXE=/180x253/dkpu1ddg7pbsk.cloudfront.net/movie/25/28/252816_ori.jpg,Thriller,1996,5.6,103,Walt Disney Pictures,32.61
Ransom,http://resizing.flixster.com/m_MdLZUBx7KuzxQx2V3FjaK3ESs=/180x246/dkpu1ddg7pbsk.cloudfront.net/movie/10/91/77/10917783_ori.jpg,Thriller,1996,6.6,121,Touchstone Pictures / Imagine Entertainment,12.19
The Hunchback of Notre Dame,http://resizing.flixster.com/l5o6CPeWggfSLIJHA-z_rlqO1ZM=/180x258/dkpu1ddg7pbsk.cloudfront.net/movie/11/15/56/11155631_ori.jpg,Thriller,1996,6.9,91,Walt Disney Pictures,78.26
Twister,http://resizing.flixster.com/7xwAEq5tJYTJNysiwjmnyQM9AfQ=/180x270/dkpu1ddg7pbsk.cloudfront.net/movie/11/18/08/11180828_ori.jpg,Thriller,1996,6.2,113,Warner Bros. / Universal Pictures,40.77
GoldenEye,http://resizing.flixster.com/DBrbUmuKblFWFTTJSZpaqms_Atw=/180x263/dkpu1ddg7pbsk.cloudfront.net/movie/26/66/266699_ori.jpg,Thriller,1995,7.2,130,United Artists,38.84
Jumanji,http://resizing.flixster.com/ZfAgDI0I7ZvGR4einB6qCg6zixE=/180x268/dkpu1ddg7pbsk.cloudfront.net/movie/56/79/73/5679734_ori.jpg,Thriller,1995,6.8,104,TriStar Pictures,14.97
The Flintstones,http://resizing.flixster.com/JtWm1oHyUAOKSMsGLWYkLdMW_Jw=/180x270/dkpu1ddg7pbsk.cloudfront.net/movie/11/17/99/11179944_ori.jpg,Thriller,1994,4.8,91,Universal Pictures / Amblin Entertainment,19.4
Cliffhanger,http://resizing.flixster.com/ZBN2_uTjkpn3PkFGLms8c1R5Xjk=/180x269/dkpu1ddg7pbsk.cloudfront.net/movie/11/15/70/11157076_ori.jpg,Thriller,1993,6.3,112,TriStar Pictures / Carolco Pictures,88.95
Indecent Proposal,http://resizing.flixster.com/21Nukf6Y-ivy_q4K7LwRaskSNTQ=/173x270/dkpu1ddg7pbsk.cloudfront.net/movie/10/88/26/10882670_ori.jpg,Thriller,1993,5.8,117,Paramount Pictures,27
Mrs. Doubtfire,http://resizing.flixster.com/LBXknnxSaK0p3GtnjDsrj-v18LI=/180x270/dkpu1ddg7pbsk.cloudfront.net/movie/11/19/04/11190433_ori.jpg,Thriller,1993,6.9,125,20th Century Fox,66.74
The Fugitive,http://resizing.flixster.com/2qD77zeD0QLsahPn4oRG72h8jUY=/180x270/dkpu1ddg7pbsk.cloudfront.net/movie/11/16/80/11168091_ori.jpg,Thriller,1993,7.8,130,Warner Bros.,57.3
Aladdin,http://resizing.flixster.com/PFEXNhpBUHom6A9yG3wg_W0Zt98=/180x268/dkpu1ddg7pbsk.cloudfront.net/movie/10/93/64/10936428_ori.jpg,Thriller,1992,8,90,Walt Disney Pictures,37.14
Batman Returns,http://resizing.flixster.com/eyIQdyoRhF9tyZv4-7T_gYpraUQ=/180x270/dkpu1ddg7pbsk.cloudfront.net/movie/56/82/90/5682901_ori.jpg,Thriller,1992,7,126,Warner Bros. / PolyGram,88.6
Sister Act,http://resizing.flixster.com/blxl_bQQDX1grNM-uVerO3oZAaI=/180x260/dkpu1ddg7pbsk.cloudfront.net/movie/25/51/255121_ori.jpg,Thriller,1992,6.2,100,Touchstone Pictures,67.1
City Slickers,http://resizing.flixster.com/q3rBGER1l3OdFFApBBsTcME3bsM=/180x261/dkpu1ddg7pbsk.cloudfront.net/movie/11/15/27/11152780_ori.jpg,Thriller,1991,6.7,113,Columbia Pictures / Castle Rock Entertainment / Nelson Entertainment,10.79
Robin Hood: Prince of Thieves,http://resizing.flixster.com/LWcUdj-bVCtz_yveVI-r0FfP7jE=/180x270/dkpu1ddg7pbsk.cloudfront.net/movie/11/17/00/11170050_ori.jpg,Thriller,1991,6.9,143,Warner Bros.,71.08
Back to the Future Part III,http://resizing.flixster.com/I9PEVOh_ZpCiMnCfw57AkXDgRhM=/180x270/dkpu1ddg7pbsk.cloudfront.net/movie/11/17/38/11173854_ori.jpg,Thriller,1990,7.4,118,Universal Pictures,53.06
Ghost,http://resizing.flixster.com/pHPpw4inGi6stbtMnLSic6k5fVA=/180x270/dkpu1ddg7pbsk.cloudfront.net/movie/11/16/91/11169197_ori.jpg,Thriller,1990,7,127,Paramount Pictures,96.57
Look Who's Talking,http://resizing.flixster.com/H3iCz9YretFAYbty_QAUGdp2-4U=/180x270/dkpu1ddg7pbsk.cloudfront.net/movie/11/17/81/11178142_ori.jpg,Thriller,1989,5.8,93,TriStar Pictures,88.33
Rain Man,http://resizing.flixster.com/QOETj26bjQ-V44TXF6efQW3eAPo=/174x270/dkpu1ddg7pbsk.cloudfront.net/movie/10/85/35/10853584_ori.jpg,Thriller,1988,8,133,United Artists,25.64
Moonstruck,http://resizing.flixster.com/N7exSCLxOgtB-aPi60FeW5bXS5w=/180x264/dkpu1ddg7pbsk.cloudfront.net/movie/10/85/77/10857754_ori.jpg,Thriller,1987,7.1,102,Metro-Goldwyn-Mayer,41.81
The Secret of My Success,http://resizing.flixster.com/bCumGM3LISFAFqsAbv3V0o7fPKw=/177x270/dkpu1ddg7pbsk.cloudfront.net/movie/11/15/78/11157863_ori.jpg,Thriller,1987,6.4,111,Universal Pictures,63.26
The Witches of Eastwick,http://resizing.flixster.com/kU0L2LKZtLzoi4ZomVbNdWVZ6qk=/180x270/dkpu1ddg7pbsk.cloudfront.net/movie/11/16/13/11161319_ori.jpg,Thriller,1987,6.5,118,Warner Bros.,68.51
Rocky IV,http://resizing.flixster.com/gLnfMQMcsLo-npqSh5PBXVUhNH4=/180x246/dkpu1ddg7pbsk.cloudfront.net/movie/26/13/261393_ori.jpg,Thriller,1985,6.7,91,United Artists,46.53
Risky Business,http://resizing.flixster.com/3-yV3TNHIonKjCnpshrjCWJc4-0=/180x270/dkpu1ddg7pbsk.cloudfront.net/movie/11/16/80/11168031_ori.jpg,Thriller,1983,6.8,99,Warner Bros.,71.62
Terms of Endearment,http://resizing.flixster.com/E3_AJT2ZW2disDmOGT60EB3cfdY=/180x254/dkpu1ddg7pbsk.cloudfront.net/movie/26/77/267716_ori.jpg,Thriller,1983,7.4,132,Paramount Pictures,64.78
48 Hrs.,http://resizing.flixster.com/1GsIK1cKROu9oo6ADaFnJZsjawQ=/180x270/dkpu1ddg7pbsk.cloudfront.net/movie/11/16/89/11168922_ori.jpg,Thriller,1982,6.9,96,Paramount Pictures,75.28
On Golden Pond,http://resizing.flixster.com/CX_ONPVUPd35rXtm4jdXLXoV6v0=/180x268/dkpu1ddg7pbsk.cloudfront.net/movie/26/46/264625_ori.jpg,Thriller,1981,7.7,109,Universal Pictures / ITC,98.01
National Lampoon's Animal House,http://resizing.flixster.com/RH1pAM5Kkn6xHDnydIy7iJp47fA=/180x270/dkpu1ddg7pbsk.cloudfront.net/movie/11/17/19/11171950_ori.jpg,Thriller,1978,7.6,109,Universal Pictures,21.09
The Goodbye Girl,http://resizing.flixster.com/i5oKMp_Znx3rPv8mfLRNAh65joA=/180x252/dkpu1ddg7pbsk.cloudfront.net/movie/25/58/255805_ori.jpg,Thriller,1977,7.4,111,Metro-Goldwyn-Mayer / Warner Bros. / Rastar,51.26
A Star Is Born,http://resizing.flixster.com/KxL-8EASc3Y-CarCsHi8tB8IlSs=/174x270/dkpu1ddg7pbsk.cloudfront.net/movie/39/09/89/3909896_ori.jpg,Thriller,1976,6.5,139,Warner Bros. Pictures,57.44
In Search of Noah's Ark,http://d3biamo577v4eu.cloudfront.net/static/images/redesign/poster_default.gif,Thriller,1976,4.6,99,Sunn Classic Pictures,35.06
The Omen,http://resizing.flixster.com/wEkCkxtzp2FgvifjB9nHs3C_oPE=/180x254/dkpu1ddg7pbsk.cloudfront.net/movie/10/93/48/10934824_ori.jpg,Thriller,1976,7.6,111,20th Century Fox Film Corporation,66.01
Harry Potter and the Order of the Phoenix,http://resizing.flixster.com/O5pmr1P4sAe4L0G6SUFYlLGiKec=/180x270/dkpu1ddg7pbsk.cloudfront.net/movie/11/16/88/11168876_ori.jpg,War,2007,7.4,138,Warner Bros.,88.76
Shakespeare in Love,http://resizing.flixster.com/GcwTacz8zq3d34rR2QISbe4U0hQ=/180x270/dkpu1ddg7pbsk.cloudfront.net/movie/11/17/61/11176194_ori.jpg,War,1998,7.2,123,Miramax Films / Universal Pictures,91.07
Dead Poets Society,http://resizing.flixster.com/o40G4KNC9kqYHF2W_Ns0RG449BM=/180x269/dkpu1ddg7pbsk.cloudfront.net/movie/10/58/40/10584083_ori.jpg,War,1989,8,128,Touchstone Pictures,71.33
Lethal Weapon,http://resizing.flixster.com/3aDtygNQOYu5zppr1AvV8jIu_H0=/180x270/dkpu1ddg7pbsk.cloudfront.net/movie/11/16/79/11167924_ori.jpg,War,1987,7.6,110,Warner Bros.,83.73
Ruthless People,http://resizing.flixster.com/IfJutHqmgKfI235a-AsTBLm_bp0=/180x254/dkpu1ddg7pbsk.cloudfront.net/movie/26/87/268720_ori.jpg,War,1986,6.8,93,Buena Vista Pictures Distribution,84.17
Superman II,http://resizing.flixster.com/a4SRzDrySrNOffac_PAD9vv5jL0=/175x239/dkpu1ddg7pbsk.cloudfront.net/movie/11/15/98/11159894_ori.jpg,War,1981,6.8,127,Warner Bros.,81.59
Smokey and the Bandit II,http://resizing.flixster.com/Dpx80dphWfjC3ikCbPtTdS4fC6A=/180x257/dkpu1ddg7pbsk.cloudfront.net/movie/26/56/265607_ori.jpg,War,1980,5.1,100,Universal Studios,60.5
Kramer vs. Kramer,http://resizing.flixster.com/I5FedDIL3XEzkwxjiQFweCpiUXI=/180x261/dkpu1ddg7pbsk.cloudfront.net/movie/10/92/41/10924118_ori.jpg,War,1979,7.8,105,Columbia Pictures,29.97
A Bridge Too Far,http://resizing.flixster.com/qVLiZ_u6SZJX8kpe0hB0gseLv0c=/180x265/dkpu1ddg7pbsk.cloudfront.net/movie/25/70/257012_ori.jpg,War,1977,7.4,175,United Artists,20.91
Annie Hall,http://resizing.flixster.com/BiKNZwUZN2B95PUamCtHPX3m47E=/180x270/dkpu1ddg7pbsk.cloudfront.net/movie/10/85/12/10851294_ori.jpg,War,1977,8.1,93,United Artists,24.85
Hook,http://resizing.flixster.com/2Kp3hYPiPnhkEpDQNFEv4IRaD9M=/180x261/dkpu1ddg7pbsk.cloudfront.net/movie/25/46/254606_ori.jpg,Western,1991,6.7,142,TriStar Pictures / Amblin Entertainment,96.83
Die Hard 2,http://resizing.flixster.com/BXuwiQ9ITCvNupBVrtrZ3jQg9WU=/180x266/dkpu1ddg7pbsk.cloudfront.net/movie/10/93/34/10933489_ori.jpg,Western,1990,7.1,124,20th Century Fox / Silver Pictures,43.28
The Other Side of the Mountain,http://resizing.flixster.com/V6M1TKucdKIV1pTF3OKSOiakRsA=/110x150/dkpu1ddg7pbsk.cloudfront.net/movie/10/88/23/10882353_ori.jpg,Western,1975,6.4,103,Universal Pictures,35.97
